Date,Open,High,Low,Close,Volume
2018-01-01,10428.28,10476.92,10348.66,10422.72,303882462
2018-01-02,10343.9,10423.34,10271.05,10339.62,180214513
2018-01-03,10387.75,10459.95,10304.85,10360.09,288729776
2018-01-04,10351.94,10355.79,10278.87,10300.44,176137282
2018-01-05,10240.55,10389.11,10173.6,10347.07,342512287
2018-01-08,10362.7,10463.66,10241.1,10327.04,280652055
2018-01-09,10264.48,10406.67,10231.49,10376.99,241243516
2018-01-10,10351.92,10358.18,10210.18,10219.95,276036625
2018-01-11,10207.93,10267.15,10131.79,10212.58,188963595
2018-01-12,10231.32,10274.79,10123.06,10217.03,238845631
2018-01-15,10237.44,10280.68,10054.16,10176.35,288406192
2018-01-16,10160.56,10208.86,10102.82,10135.49,241404702
2018-01-17,10131.68,10266.05,10096.76,10258.55,322499086
2018-01-18,10229.34,10346.52,10172.63,10268.9,221854653
2018-01-19,10364.25,10435.04,10286.98,10319.71,289701766
2018-01-22,10375.54,10403.24,10108.67,10165.62,218159813
2018-01-23,10153.67,10158.97,10085.57,10103.28,244895088
2018-01-24,10240.76,10278.28,10110.51,10160.51,183245365
2018-01-25,10196.82,10314.07,10176.65,10254.38,186117348
2018-01-26,10346.93,10375.57,10005.17,10040.78,751272895
2018-01-29,10045.41,10212.12,10028.97,10177.0,221694408
2018-01-30,10161.67,10181.71,10086.47,10150.57,341917787
2018-01-31,10128.24,10230.53,10077.31,10198.73,334709871
2018-02-01,10173.77,10273.23,10154.81,10249.06,201746871
2018-02-02,10253.06,10265.84,9956.65,10013.33,450200163
2018-02-05,10009.76,10064.58,9805.99,9910.66,320541467
2018-02-06,9905.81,9964.53,9735.73,9836.43,189989354
2018-02-07,9821.58,9871.03,9644.47,9696.25,197468506
2018-02-08,9647.84,9701.23,9514.28,9556.57,249049139
2018-02-09,9567.88,9805.05,9521.73,9721.18,229550350
2018-02-12,9777.49,9824.54,9650.74,9666.68,196175734
2018-02-13,9672.24,9779.4,9641.61,9704.76,213538042
2018-02-14,9754.22,9820.27,9617.1,9673.78,325436195
2018-02-15,9699.53,9909.9,9660.27,9851.26,198154573
2018-02-16,9898.38,9932.31,9799.12,9800.88,316311974
2018-02-19,9807.35,9887.76,9786.31,9826.24,256729316
2018-02-20,9818.53,9868.89,9755.81,9863.45,245458724
2018-02-21,9821.7,9959.17,9772.23,9860.06,253507370
2018-02-22,9831.95,9975.8,9782.29,9914.9,252547880
2018-02-23,9947.18,10127.45,9787.06,10106.24,321304827
2018-02-26,10196.83,10246.2,10135.06,10208.7,259987196
2018-02-27,10218.03,10298.95,10087.75,10166.36,347429047
2018-02-28,10159.56,10301.31,10139.39,10197.01,342530587
2018-03-01,10248.94,10298.93,10175.02,10222.62,226923869
2018-03-02,10275.39,10318.41,10171.5,10173.47,185003922
2018-03-05,10131.93,10168.67,10070.55,10136.13,343136308
2018-03-06,10158.91,10218.75,10083.23,10096.15,216160681
2018-03-07,10158.08,10251.45,9973.03,10024.11,283391764
2018-03-08,9977.72,10209.19,9958.08,10138.92,210745359
2018-03-09,10132.61,10161.26,10095.86,10110.51,227499488
2018-03-12,10083.24,10286.58,10001.9,10188.95,349729527
2018-03-13,10204.85,10282.33,10148.16,10231.46,338320391
2018-03-14,10293.12,10306.45,10253.98,10298.19,320905367
2018-03-15,10281.89,10346.77,10185.18,10335.94,176369043
2018-03-16,10350.21,10378.0,10312.21,10325.92,198500945
2018-03-19,10340.63,10400.98,10120.79,10148.61,280845219
2018-03-20,10143.07,10173.63,10091.55,10126.36,260493074
2018-03-21,10191.27,10208.88,9999.45,10076.37,223419039
2018-03-22,10145.57,10197.37,10090.8,10126.01,304715408
2018-03-23,10085.46,10125.65,10013.15,10075.46,329543618
2018-03-26,10117.13,10145.97,10007.26,10077.9,200916412
2018-03-27,10102.0,10170.35,9887.79,9980.69,325622951
2018-03-28,10002.76,10040.13,9841.91,9891.41,311520342
2018-03-29,9921.58,9960.46,9884.46,9931.05,337729177
2018-03-30,10002.68,10014.23,9825.55,9897.89,179337613
2018-04-02,9894.89,9917.42,9640.77,9737.15,326211204
2018-04-03,9748.58,9775.74,9623.36,9674.97,327629187
2018-04-04,9692.28,9724.55,9576.08,9637.31,228408401
2018-04-05,9645.1,9673.1,9488.45,9554.8,232445841
2018-04-06,9620.48,9629.05,9523.01,9563.35,244943717
2018-04-09,9610.43,9722.64,9548.7,9678.5,344820106
2018-04-10,9721.55,9836.82,9616.97,9663.94,251048657
2018-04-11,9659.43,9727.22,9638.28,9703.73,242409200
2018-04-12,9677.35,9715.3,9595.46,9643.24,336975653
2018-04-13,9583.53,9676.44,9537.51,9639.27,238738757
2018-04-16,9690.82,9756.37,9482.35,9517.97,323402673
2018-04-17,9511.89,9604.23,9474.71,9580.18,245420067
2018-04-18,9574.52,9721.38,9562.43,9658.58,293530640
2018-04-19,9702.34,9778.24,9665.18,9752.67,175071039
2018-04-20,9743.17,9932.19,9731.68,9852.44,256372933
2018-04-23,9826.89,9883.11,9780.83,9794.18,314304333
2018-04-24,9802.15,9884.8,9794.56,9824.82,233657944
2018-04-25,9852.13,9856.57,9774.67,9813.94,209847738
2018-04-26,9843.02,9895.18,9754.39,9761.9,187744940
2018-04-27,9714.62,9857.8,9650.17,9787.66,261516004
2018-04-30,9789.82,10001.93,9690.74,9908.98,309758083
2018-05-01,9941.68,10010.68,9831.24,9914.44,265642606
2018-05-02,9942.98,10162.23,9873.07,10104.59,315247905
2018-05-03,10045.14,10072.66,10017.1,10027.76,330999537
2018-05-04,9979.18,9997.92,9904.05,9910.5,270877591
2018-05-07,9962.73,9982.75,9879.52,9906.32,218266954
2018-05-08,9862.52,9928.25,9854.33,9917.24,223054553
2018-05-09,9946.0,10006.91,9856.07,9902.03,269526638
2018-05-10,9920.57,10042.28,9886.85,9975.82,186240048
2018-05-11,9934.09,10003.63,9819.89,9851.78,248525115
2018-05-14,9894.92,9922.22,9851.4,9881.19,308979050
2018-05-15,9878.05,9928.84,9706.35,9725.84,324353391
2018-05-16,9764.66,9877.88,9716.05,9837.56,280569203
2018-05-17,9842.66,9911.53,9690.97,9733.12,233822670
2018-05-18,9716.05,9763.56,9650.65,9741.7,197334864
2018-05-21,9735.14,9866.74,9715.9,9822.42,179742858
2018-05-22,9809.18,9926.51,9768.98,9889.58,241343176
2018-05-23,9897.98,9973.11,9845.13,9896.65,306601719
2018-05-24,9911.52,9941.05,9761.22,9815.37,269398333
2018-05-25,9851.81,9900.91,9805.22,9824.17,289057064
2018-05-28,9826.73,9849.36,9656.62,9707.0,201666910
2018-05-29,9747.54,9827.09,9693.86,9723.65,297406369
2018-05-30,9726.15,9757.12,9690.97,9701.72,195043252
2018-05-31,9744.06,9763.63,9563.84,9617.05,229592517
2018-06-01,9574.32,9646.75,9562.63,9629.56,188299383
2018-06-04,9609.83,9719.22,9521.1,9708.78,323801316
2018-06-05,9692.85,9834.55,9592.81,9794.38,235760658
2018-06-06,9760.44,9841.56,9738.33,9780.37,323675734
2018-06-07,9788.48,9824.93,9688.95,9778.27,320023779
2018-06-08,9767.18,9785.77,9709.17,9750.21,222264419
2018-06-11,9767.54,9782.01,9519.8,9537.05,705859175
2018-06-12,9528.45,9650.21,9474.8,9546.9,329285457
2018-06-13,9548.54,9628.03,9491.41,9517.56,180022499
2018-06-14,9531.86,9564.7,9408.68,9467.99,234559297
2018-06-15,9510.98,9626.19,9463.61,9608.75,340910951
2018-06-18,9661.42,9733.13,9620.71,9621.12,295856634
2018-06-19,9593.91,9653.36,9542.35,9631.85,213779370
2018-06-20,9620.07,9645.06,9578.25,9597.82,267911337
2018-06-21,9541.11,9622.57,9515.04,9553.4,222410374
2018-06-22,9553.23,9727.88,9499.74,9664.85,268776193
2018-06-25,9666.75,9734.44,9611.2,9704.49,301802375
2018-06-26,9751.32,9841.87,9705.12,9798.13,208970576
2018-06-27,9801.61,9903.99,9716.1,9836.44,223004482
2018-06-28,9885.74,9928.94,9802.13,9846.39,326980709
2018-06-29,9766.55,9858.47,9747.11,9806.02,252082039
2018-07-02,9811.13,9868.67,9684.77,9764.71,318870237
2018-07-03,9752.28,9807.62,9689.31,9731.3,201109577
2018-07-04,9700.72,9751.22,9637.54,9712.2,308777602
2018-07-05,9658.25,9728.11,9604.31,9711.47,253840031
2018-07-06,9639.35,9881.16,9565.22,9811.54,283679781
2018-07-09,9761.8,9826.24,9693.76,9807.91,211929409
2018-07-10,9795.67,9830.1,9736.03,9790.33,175468251
2018-07-11,9740.28,9881.55,9696.66,9820.35,298717270
2018-07-12,9807.77,9897.92,9784.16,9879.72,312869904
2018-07-13,9838.62,9856.85,9627.94,9704.48,270298416
2018-07-16,9653.57,9672.64,9600.05,9670.23,204036488
2018-07-17,9647.46,9740.66,9616.54,9643.11,196761890
2018-07-18,9620.62,9627.23,9535.66,9615.54,261414163
2018-07-19,9625.14,9677.02,9557.72,9582.55,218814382
2018-07-20,9664.85,9752.94,9545.81,9613.28,341387598
2018-07-23,9670.72,9718.22,9475.93,9522.54,307347045
2018-07-24,9468.18,9601.97,9404.79,9546.58,277432684
2018-07-25,9517.15,9544.45,9447.35,9521.74,233328968
2018-07-26,9485.56,9565.21,9458.95,9563.35,225438114
2018-07-27,9629.35,9704.42,9611.38,9674.01,230040502
2018-07-30,9628.44,9763.88,9608.88,9646.92,347920862
2018-07-31,9620.46,9721.79,9587.99,9703.73,238311387
2018-08-01,9705.93,9740.02,9656.03,9732.24,271113436
2018-08-02,9769.8,9804.5,9633.81,9677.47,345300692
2018-08-03,9655.29,9689.96,9570.67,9638.78,271643996
2018-08-06,9738.96,9837.88,9650.37,9726.72,195556576
2018-08-07,9749.28,9768.01,9638.65,9679.83,222849356
2018-08-08,9734.89,9756.37,9535.49,9584.85,242127552
2018-08-09,9625.13,9721.06,9534.53,9688.94,223343295
2018-08-10,9698.92,9717.99,9497.58,9576.79,318596157
2018-08-13,9570.19,9641.47,9496.36,9538.93,260687060
2018-08-14,9567.17,9642.23,9357.66,9384.51,270100261
2018-08-15,9352.72,9523.49,9288.86,9469.22,275064587
2018-08-16,9475.97,9683.04,9382.29,9585.66,298414879
2018-08-17,9599.92,9644.88,9579.43,9623.19,346643174
2018-08-20,9612.62,9660.32,9484.9,9494.33,327197554
2018-08-21,9523.12,9548.78,9477.48,9493.9,301427669
2018-08-22,9447.14,9550.18,9381.63,9480.54,344610635
2018-08-23,9449.77,9641.7,9434.97,9556.52,324159733
2018-08-24,9580.22,9605.98,9400.48,9429.3,307895316
2018-08-27,9436.39,9589.26,9351.89,9547.09,336162592
2018-08-28,9610.38,9657.59,9559.99,9595.98,285905870
2018-08-29,9624.92,9650.57,9585.45,9612.02,183048419
2018-08-30,9621.18,9645.78,9411.24,9447.25,267954105
2018-08-31,9385.89,9507.35,9332.93,9480.25,327396929
2018-09-03,9459.7,9543.04,9398.61,9509.95,255701234
2018-09-04,9509.23,9578.51,9388.81,9487.59,332711649
2018-09-05,9477.82,9529.7,9454.83,9497.23,277825048
2018-09-06,9471.57,9549.46,9423.98,9524.85,209862974
2018-09-07,9492.07,9752.78,9440.62,9682.25,275592087
2018-09-10,9714.61,9837.79,9623.04,9789.97,223034066
2018-09-11,9735.42,9804.83,9686.86,9773.92,281121136
2018-09-12,9689.27,9798.41,9652.33,9748.37,281236374
2018-09-13,9715.11,9977.0,9698.03,9893.73,301162465
2018-09-14,9852.92,9854.69,9802.29,9807.27,288109606
2018-09-17,9791.96,9869.54,9670.93,9677.95,190773340
2018-09-18,9659.99,9754.01,9559.67,9614.66,269396357
2018-09-19,9661.22,9703.15,9559.31,9654.28,219969764
2018-09-20,9674.31,9692.8,9510.63,9575.05,234275169
2018-09-21,9648.72,9744.14,9355.29,9449.36,325524604
2018-09-24,9432.31,9643.57,9333.24,9612.06,239010633
2018-09-25,9613.69,9656.94,9565.51,9582.59,292744966
2018-09-26,9558.77,9577.06,9481.03,9562.84,193960567
2018-09-27,9563.71,9616.97,9316.2,9390.17,335169784
2018-09-28,9392.6,9449.15,9248.73,9322.78,227883280
2018-10-01,9305.62,9359.68,9100.28,9168.23,261209308
2018-10-02,9231.0,9309.61,9081.45,9147.04,292335088
2018-10-03,9143.23,9232.85,9136.93,9212.2,202041507
2018-10-04,9241.73,9276.08,8939.88,8991.11,621271463
2018-10-05,9039.4,9108.54,8785.03,8834.41,252592040
2018-10-08,8813.16,9054.04,8744.34,8975.92,270281525
2018-10-09,8971.23,9079.06,8915.47,9047.94,196377950
2018-10-10,9015.41,9122.74,9003.3,9097.63,279500542
2018-10-11,9106.19,9279.82,9045.67,9233.07,273801145
2018-10-12,9259.34,9407.05,9193.7,9355.07,327196699
2018-10-15,9373.69,9422.08,9288.86,9334.3,325221072
2018-10-16,9349.85,9407.27,9285.65,9360.54,290685087
2018-10-17,9361.59,9426.64,9334.8,9374.62,231660005
2018-10-18,9385.55,9432.2,9372.99,9387.06,305491423
2018-10-19,9396.75,9429.71,9205.46,9250.6,263171770
2018-10-22,9246.9,9331.07,9238.6,9273.12,266253962
2018-10-23,9298.05,9372.29,9020.34,9077.32,590566039
2018-10-24,9038.52,9097.0,8999.01,9042.85,189138333
2018-10-25,9034.46,9073.57,8938.4,9021.36,270962375
2018-10-26,9125.25,9140.94,8870.14,8909.08,280949688
2018-10-29,8941.43,9073.96,8927.7,9005.34,309568477
2018-10-30,8980.69,9022.63,8929.88,8996.19,234313033
2018-10-31,9006.94,9074.89,8860.33,8920.81,291393876
2018-11-01,8935.4,8988.65,8850.87,8890.7,320560080
2018-11-02,8899.56,8960.87,8895.38,8919.71,272364878
2018-11-05,8896.03,8933.72,8780.94,8837.0,236879663
2018-11-06,8786.26,8858.55,8761.36,8774.22,344469759
2018-11-07,8754.95,8782.58,8683.79,8718.88,289928853
2018-11-08,8735.35,8793.11,8702.42,8725.35,308455985
2018-11-09,8696.92,8779.33,8591.07,8605.86,318224700
2018-11-12,8573.53,8674.22,8475.06,8527.36,320155638
2018-11-13,8548.74,8584.92,8501.64,8523.24,234469314
2018-11-14,8525.88,8689.61,8493.18,8670.33,199828064
2018-11-15,8663.9,8706.76,8633.61,8658.83,248470686
2018-11-16,8686.84,8722.0,8620.43,8621.41,274328872
2018-11-19,8627.18,8706.0,8553.92,8643.02,292944524
2018-11-20,8693.45,8708.74,8583.24,8628.9,222804197
2018-11-21,8611.94,8654.94,8559.78,8630.9,293735094
2018-11-22,8635.19,8702.42,8473.51,8523.34,279881867
2018-11-23,8524.74,8631.88,8468.23,8585.58,219715913
2018-11-26,8589.35,8631.96,8555.31,8582.22,241536303
2018-11-27,8543.48,8624.54,8540.97,8558.49,187613211
2018-11-28,8550.81,8673.69,8501.13,8573.25,325869252
2018-11-29,8552.74,8588.52,8472.84,8489.66,195155340
2018-11-30,8493.59,8608.11,8484.59,8554.06,320604534
2018-12-03,8546.96,8636.05,8519.98,8582.38,278052475
2018-12-04,8577.22,8611.17,8446.79,8510.96,233287008
2018-12-05,8546.38,8620.4,8483.48,8554.51,333536478
2018-12-06,8599.27,8661.34,8486.96,8486.98,216347048
2018-12-07,8504.88,8525.02,8488.2,8516.98,289714076
2018-12-10,8569.6,8573.31,8525.14,8573.1,307978501
2018-12-11,8597.68,8606.8,8389.13,8417.07,284291311
2018-12-12,8381.45,8532.29,8331.25,8484.29,252386411
2018-12-13,8510.0,8580.69,8413.75,8466.53,229321373
2018-12-14,8469.98,8517.17,8410.7,8444.1,326243755
2018-12-17,8407.28,8520.26,8366.01,8506.14,272005364
2018-12-18,8436.26,8548.85,8379.01,8547.18,289071554
2018-12-19,8582.17,8630.06,8462.41,8512.39,193112828
2018-12-20,8493.89,8603.03,8480.75,8566.97,205197809
2018-12-21,8603.74,8617.55,8514.69,8569.15,202780586
2018-12-24,8589.18,8612.28,8473.55,8528.81,279630025
2018-12-25,8481.04,8608.71,8433.66,8555.46,293716385
2018-12-26,8609.09,8620.89,8528.01,8531.73,327823940
2018-12-27,8570.8,8628.12,8424.14,8484.9,344346888
2018-12-28,8452.81,8470.37,8444.16,8463.18,229176830
2018-12-31,8505.12,8561.46,8365.96,8373.32,320067820
2019-01-01,8322.51,8373.09,8286.65,8366.93,249096114
2019-01-02,8391.17,8440.15,8267.24,8324.57,340841946
2019-01-03,8326.62,8374.46,8226.37,8275.31,322774968
2019-01-04,8309.04,8442.23,8306.08,8373.81,181605811
2019-01-07,8422.64,8480.68,8252.8,8312.15,203393262
2019-01-08,8262.35,8420.15,8234.57,8372.81,251592845
2019-01-09,8399.53,8443.06,8215.26,8283.53,224862388
2019-01-10,8247.36,8304.68,8210.47,8284.16,316509177
2019-01-11,8296.33,8297.09,8069.78,8154.34,347276963
2019-01-14,8160.67,8179.24,8040.39,8101.01,344096926
2019-01-15,8047.83,8205.72,7992.89,8152.99,287206331
2019-01-16,8123.5,8295.6,8053.77,8216.41,323954058
2019-01-17,8270.84,8304.18,8098.15,8191.93,200786014
2019-01-18,8222.28,8267.08,7971.55,8037.74,236177388
2019-01-21,8039.52,8084.15,7999.43,8061.57,349041936
2019-01-22,8067.03,8149.17,8030.71,8051.53,288743119
2019-01-23,8034.59,8092.51,7949.98,8062.65,296812598
2019-01-24,8101.26,8171.42,8059.8,8133.13,188864509
2019-01-25,8194.84,8198.01,8100.97,8129.76,267360013
2019-01-28,8147.0,8213.36,8098.84,8174.91,248469470
2019-01-29,8140.14,8279.27,8064.9,8197.34,279429332
2019-01-30,8201.41,8324.38,8146.18,8282.27,250116806
2019-01-31,8266.04,8275.62,8185.01,8244.52,189982442
2019-02-01,8242.56,8284.15,8206.02,8271.92,347958009
2019-02-04,8260.93,8267.59,8159.9,8207.47,346681898
2019-02-05,8213.41,8259.88,8189.66,8208.71,303264678
2019-02-06,8168.01,8206.61,8108.43,8127.24,182758745
2019-02-07,8110.25,8169.22,7930.23,8007.48,256309007
2019-02-08,7964.85,8019.92,7932.96,7976.78,310833319
2019-02-11,7983.77,8038.65,7880.03,7923.96,182333539
2019-02-12,7908.45,8069.73,7870.5,7999.76,219329908
2019-02-13,7978.93,8016.35,7906.19,8002.38,326514698
2019-02-14,8016.75,8022.72,7909.8,7986.82,305078848
2019-02-15,7967.41,8109.56,7931.84,8041.49,262066593
2019-02-18,8023.67,8169.73,8020.31,8116.75,188812226
2019-02-19,8080.53,8100.29,7981.73,8015.84,189012059
2019-02-20,7992.59,8012.34,7961.87,7986.62,295708841
2019-02-21,7994.17,8049.33,7952.87,7976.49,349676354
2019-02-22,8064.69,8113.35,7912.39,7949.11,286564694
2019-02-25,7992.37,8006.69,7858.23,7871.58,199986406
2019-02-26,7837.24,7884.65,7741.62,7782.42,311240190
2019-02-27,7805.2,7815.03,7715.22,7740.95,293835859
2019-02-28,7731.51,7844.63,7722.97,7803.11,267655479
2019-03-01,7830.12,7868.79,7678.0,7728.02,303743100
2019-03-04,7728.2,7749.94,7633.45,7665.0,220550709
2019-03-05,7699.04,7725.29,7375.03,7460.97,621920068
2019-03-06,7501.66,7560.72,7449.51,7552.18,252894458
2019-03-07,7576.15,7686.57,7554.55,7637.03,235799426
2019-03-08,7652.18,7787.18,7642.12,7713.56,299566593
2019-03-11,7694.18,7846.01,7682.03,7799.44,196238429
2019-03-12,7815.7,7856.12,7778.59,7812.42,271953751
2019-03-13,7853.79,7862.2,7704.49,7732.98,190087709
2019-03-14,7846.86,7879.62,7629.71,7640.45,309603796
2019-03-15,7629.73,7724.55,7597.15,7653.85,253745536
2019-03-18,7628.38,7697.38,7617.88,7630.53,286963937
2019-03-19,7702.84,7710.64,7643.28,7702.66,184697248
2019-03-20,7715.15,7780.69,7658.9,7731.58,299133123
2019-03-21,7792.15,7865.41,7633.95,7644.97,218855929
2019-03-22,7615.94,7667.57,7541.1,7592.76,268358655
2019-03-25,7592.46,7642.48,7522.65,7555.72,290278252
2019-03-26,7515.22,7595.59,7501.86,7541.87,319416346
2019-03-27,7543.51,7582.41,7528.79,7563.35,288947746
2019-03-28,7532.12,7593.4,7514.7,7572.67,284753701
2019-03-29,7646.21,7649.16,7493.06,7535.11,294873397
2019-04-01,7546.33,7606.59,7483.47,7530.05,259743947
2019-04-02,7569.49,7593.45,7486.11,7557.24,303484957
2019-04-03,7494.1,7725.04,7439.53,7671.6,273288962
2019-04-04,7702.81,7739.13,7587.64,7643.06,191942039
2019-04-05,7672.2,7697.41,7602.61,7629.3,326428812
2019-04-08,7652.22,7683.32,7623.24,7662.59,308546240
2019-04-09,7663.0,7681.38,7548.44,7586.52,179055852
2019-04-10,7574.37,7714.81,7539.39,7660.85,236756640
2019-04-11,7672.04,7799.08,7656.15,7735.41,257352699
2019-04-12,7721.71,7726.52,7555.62,7613.57,302313911
2019-04-15,7584.61,7635.25,7529.12,7621.25,209064677
2019-04-16,7617.34,7618.1,7562.69,7599.65,223951118
2019-04-17,7596.51,7783.9,7515.39,7699.33,243933149
2019-04-18,7672.41,7792.79,7648.35,7718.19,209835129
2019-04-19,7716.11,7766.27,7601.63,7643.34,233282123
2019-04-22,7648.89,7665.28,7553.93,7574.87,232394023
2019-04-23,7563.1,7637.91,7512.63,7548.19,227366009
2019-04-24,7596.72,7599.6,7458.08,7488.4,227463348
2019-04-25,7462.1,7523.89,7443.74,7515.35,277147874
2019-04-26,7469.09,7583.27,7436.22,7547.53,258053287
2019-04-29,7536.69,7702.95,7528.15,7659.71,301245019
2019-04-30,7650.33,7666.54,7612.57,7627.65,322204246
2019-05-01,7664.56,7782.22,7615.06,7688.75,194231716
2019-05-02,7691.92,7806.84,7624.2,7747.44,246816046
2019-05-03,7678.56,7838.35,7666.96,7772.96,185899225
2019-05-06,7789.12,7827.8,7719.37,7804.45,266958501
2019-05-07,7822.17,7879.35,7763.11,7790.84,237000223
2019-05-08,7741.53,7824.45,7730.71,7807.78,281763401
2019-05-09,7829.75,7853.23,7794.71,7827.87,345259359
2019-05-10,7852.58,7901.36,7739.64,7814.03,230482130
2019-05-13,7873.26,7917.1,7705.56,7726.41,196327968
2019-05-14,7699.36,7781.14,7666.16,7700.3,342056551
2019-05-15,7676.27,7751.03,7602.03,7721.01,235613614
2019-05-16,7729.44,7752.48,7635.82,7676.23,269251136
2019-05-17,7656.87,7830.48,7593.53,7770.65,277695337
2019-05-20,7816.88,7823.13,7745.33,7777.77,184185943
2019-05-21,7803.4,7873.81,7628.52,7690.35,175906753
2019-05-22,7668.33,7674.74,7482.96,7549.95,328719933
2019-05-23,7552.79,7609.67,7477.09,7510.19,288032135
2019-05-24,7503.07,7548.65,7477.96,7535.97,301545593
2019-05-27,7510.14,7729.12,7429.38,7669.19,205763023
2019-05-28,7618.35,7884.53,7562.37,7867.21,777813060
2019-05-29,7850.29,8060.43,7812.49,8018.0,274393327
2019-05-30,8075.15,8197.34,7962.31,8172.36,270077584
2019-05-31,8175.31,8231.38,7992.39,8010.7,208741994
2019-06-03,8023.11,8066.15,7978.14,8043.93,207584837
2019-06-04,7987.22,8039.4,7963.8,8036.16,205711609
2019-06-05,7982.31,8182.94,7967.64,8128.65,190179109
2019-06-06,8110.48,8164.68,8052.34,8109.51,218408239
2019-06-07,8133.23,8175.2,8088.61,8108.42,227840521
2019-06-10,8103.57,8128.23,8093.76,8108.95,185871758
2019-06-11,8127.73,8171.53,8070.77,8154.71,331645714
2019-06-12,8127.75,8220.69,8050.48,8139.76,226631580
2019-06-13,8124.66,8174.55,8054.48,8105.44,305853596
2019-06-14,8084.72,8099.01,8019.51,8051.47,269065595
2019-06-17,8032.08,8072.87,7948.54,8029.06,327798635
2019-06-18,8046.26,8133.67,8015.16,8096.0,273729526
2019-06-19,8111.43,8187.39,8071.64,8178.48,201224166
2019-06-20,8213.45,8266.49,8089.19,8140.94,277050843
2019-06-21,8161.99,8263.52,8146.18,8212.7,264818372
2019-06-24,8215.74,8218.11,8140.24,8191.64,301574013
2019-06-25,8228.33,8267.95,8083.43,8092.0,182925715
2019-06-26,8101.73,8198.71,8041.9,8080.21,187078350
2019-06-27,8076.89,8103.89,8013.87,8098.35,309019844
2019-06-28,8092.02,8225.64,8013.93,8198.79,241933933
2019-07-01,8146.59,8319.25,8078.49,8304.53,290813694
2019-07-02,8292.71,8324.84,8153.23,8206.88,269020235
2019-07-03,8197.33,8238.17,8055.75,8098.24,178978682
2019-07-04,8144.48,8156.16,8037.41,8069.54,319088076
2019-07-05,8099.29,8130.51,7976.02,8072.66,301879190
2019-07-08,8117.29,8184.91,7898.93,7903.13,759314817
2019-07-09,7924.5,8002.36,7879.67,7960.97,279612356
2019-07-10,7958.06,8006.23,7919.63,7973.59,216009373
2019-07-11,7986.6,8072.5,7841.22,7907.09,225621103
2019-07-12,7927.7,7941.22,7901.5,7936.9,292693082
2019-07-15,7925.34,8080.22,7863.26,8021.69,213682479
2019-07-16,8018.14,8150.95,7930.2,8102.24,334526091
2019-07-17,8078.2,8100.34,8034.77,8059.2,339777621
2019-07-18,8032.36,8069.21,8002.54,8066.28,201113081
2019-07-19,8027.7,8202.22,8021.55,8132.91,227628873
2019-07-22,8117.4,8159.09,8049.56,8157.13,344362582
2019-07-23,8140.75,8176.71,8072.26,8113.56,288173524
2019-07-24,8169.1,8187.63,8088.28,8161.96,208334283
2019-07-25,8156.31,8302.82,8155.23,8225.01,207928576
2019-07-26,8228.89,8230.5,8126.51,8141.19,327157924
2019-07-29,8100.51,8208.04,8002.93,8114.51,343363572
2019-07-30,8209.16,8314.41,8109.38,8132.01,280770268
2019-07-31,8152.38,8245.12,8139.96,8140.69,241615805
2019-08-01,8110.65,8146.36,8065.7,8104.11,262023526
2019-08-02,8178.57,8269.56,8173.36,8188.38,335007837
2019-08-05,8165.09,8275.12,8140.11,8215.55,200536474
2019-08-06,8210.36,8308.68,8179.9,8198.42,201671996
2019-08-07,8183.0,8244.82,8110.39,8165.63,289556394
2019-08-08,8155.6,8178.89,8028.71,8096.72,287296529
2019-08-09,8077.1,8117.64,7893.28,7937.01,301054867
2019-08-12,7866.39,7942.82,7859.66,7899.45,185278109
2019-08-13,7959.27,8008.3,7803.76,7876.18,308759297
2019-08-14,7824.55,7907.41,7781.04,7844.52,176599755
2019-08-15,7814.21,7989.16,7800.56,7950.24,282890888
2019-08-16,7913.66,7955.96,7815.16,7884.51,177073919
2019-08-19,7859.66,7925.87,7815.86,7889.91,317302513
2019-08-20,7863.64,7891.37,7814.69,7890.0,191854930
2019-08-21,7902.23,7954.02,7871.27,7874.71,221781828
2019-08-22,7850.44,7909.23,7836.42,7856.21,348290780
2019-08-23,7863.42,7981.15,7803.96,7906.03,325188352
2019-08-26,7906.87,7935.63,7810.42,7827.94,184820114
2019-08-27,7847.11,7928.21,7832.91,7887.91,312265854
2019-08-28,7830.84,7910.51,7767.43,7889.86,182446557
2019-08-29,7905.11,8024.34,7844.85,7938.12,183148344
2019-08-30,8002.74,8066.49,7826.2,7890.23,180757811
2019-09-02,7914.96,7945.32,7771.53,7841.11,306644532
2019-09-03,7833.77,7849.88,7770.36,7821.84,217082634
2019-09-04,7837.6,7861.33,7781.57,7842.25,307231621
2019-09-05,7902.02,7994.97,7773.45,7808.03,345506582
2019-09-06,7839.62,7886.52,7683.0,7732.86,309575989
2019-09-09,7762.72,7794.65,7644.82,7684.07,222832230
2019-09-10,7719.73,7756.84,7665.82,7670.39,250573390
2019-09-11,7651.1,7802.59,7584.25,7794.7,314659655
2019-09-12,7791.74,7873.73,7731.51,7843.99,285932654
2019-09-13,7842.21,7951.7,7800.64,7932.76,228946804
2019-09-16,7916.73,7993.36,7866.71,7939.11,253547643
2019-09-17,7908.49,8004.95,7846.57,7973.34,191286245
2019-09-18,7950.29,8013.48,7925.31,7985.81,242864922
2019-09-19,8045.03,8111.44,7929.87,8025.12,275093075
2019-09-20,7975.31,8504.71,7911.34,8450.45,498594020
2019-09-23,8487.84,8554.86,8373.24,8425.82,248692909
2019-09-24,8427.15,8468.94,8338.18,8399.13,284380895
2019-09-25,8386.81,8445.36,8306.72,8361.84,341044105
2019-09-26,8402.31,8451.32,8294.33,8314.88,233578839
2019-09-27,8254.48,8428.07,8214.81,8372.8,231116402
2019-09-30,8365.5,8436.25,8263.35,8419.77,344526913
2019-10-01,8469.92,8478.96,8349.43,8393.26,217424251
2019-10-02,8436.68,8468.61,8252.51,8301.65,273673839
2019-10-03,8278.81,8306.98,8216.69,8229.46,341775807
2019-10-04,8241.8,8263.69,8076.6,8124.85,296246173
2019-10-07,8072.29,8195.25,8015.8,8178.64,285833806
2019-10-08,8226.55,8258.09,8184.47,8185.84,187943898
2019-10-09,8183.65,8284.67,8125.11,8267.27,336068632
2019-10-10,8228.6,8284.89,8209.98,8237.79,331712765
2019-10-11,8227.0,8303.7,8080.7,8142.69,290080287
2019-10-14,8179.83,8287.11,8024.1,8083.62,293557581
2019-10-15,8115.49,8180.31,7958.53,7993.06,176845860
2019-10-16,8031.23,8039.8,7954.63,7990.86,275666194
2019-10-17,8001.5,8045.59,7921.11,7929.36,262581511
2019-10-18,7935.21,7994.35,7868.56,7923.23,343302376
2019-10-21,7973.43,8098.29,7916.99,8044.94,254683211
2019-10-22,8080.55,8095.19,8024.01,8068.23,296933571
2019-10-23,8092.99,8137.63,8017.04,8046.18,323606501
2019-10-24,8007.4,8082.62,7887.9,7986.96,217684765
2019-10-25,8003.75,8023.95,7985.97,8007.63,215574720
2019-10-28,8019.12,8042.82,7953.8,7974.01,180108648
2019-10-29,7960.11,7980.04,7915.73,7942.5,298328732
2019-10-30,7993.54,8036.53,7943.97,7975.83,192806608
2019-10-31,7961.04,8036.3,7897.4,8008.46,220911844
2019-11-01,7978.65,8084.43,7963.34,8065.04,281978973
2019-11-04,8049.53,8108.41,8000.67,8013.23,317404194
2019-11-05,7987.32,8032.4,7953.98,8000.0,198440859
2019-11-06,8018.43,8100.64,7944.33,8045.26,264394352
2019-11-07,8053.87,8082.47,7964.84,8015.21,286212787
2019-11-08,7971.93,8053.88,7932.03,7983.49,260687354
2019-11-11,8004.91,8055.96,7962.37,8023.46,237831855
2019-11-12,8024.5,8127.93,8007.65,8062.78,263451653
2019-11-13,8064.33,8064.69,7898.21,7961.13,260522414
2019-11-14,7965.08,8019.6,7945.04,7978.33,223099260
2019-11-15,7973.8,7975.66,7890.7,7940.81,309035922
2019-11-18,7936.02,8006.47,7845.34,7911.86,319074491
2019-11-19,7955.55,8030.86,7781.79,7830.62,270611823
2019-11-20,7829.68,7922.42,7824.85,7864.12,227099063
2019-11-21,7863.97,7954.02,7788.55,7939.79,251837233
2019-11-22,7937.71,8102.87,7853.45,8058.96,277886681
2019-11-25,8099.92,8130.19,7968.42,7997.7,199366119
2019-11-26,8018.68,8079.56,7964.52,8012.73,224189878
2019-11-27,8005.89,8040.06,7935.96,7956.83,221785036
2019-11-28,7884.75,8118.72,7854.13,8082.97,343485099
2019-11-29,8012.33,8209.21,7974.04,8119.73,197205429
2019-12-02,8101.37,8186.86,8097.55,8157.11,308257877
2019-12-03,8123.27,8147.25,8091.67,8123.68,247489390
2019-12-04,8137.36,8185.29,7999.9,8032.78,265232357
2019-12-05,8107.01,8107.01,7923.94,8007.11,232275624
2019-12-06,8007.97,8163.49,8006.61,8127.13,255228619
2019-12-09,8100.86,8169.03,8044.17,8096.29,213120238
2019-12-10,8105.85,8140.85,7970.62,8055.96,234107152
2019-12-11,8036.38,8054.4,7938.58,7980.51,294446587
2019-12-12,7984.89,8058.54,7970.89,8012.84,196741506
2019-12-13,7985.87,8162.74,7945.31,8061.53,210405686
2019-12-16,8045.64,8082.38,8016.88,8050.48,338226973
2019-12-17,8096.9,8137.03,7974.72,8038.16,333165047
2019-12-18,8066.02,8103.16,7990.34,8075.62,215975172
2019-12-19,8033.86,8101.33,7978.11,8018.39,198222463
2019-12-20,8066.27,8143.57,7994.1,8036.46,317994079
2019-12-23,8033.95,8157.4,7986.51,8110.56,242037236
2019-12-24,8095.59,8130.48,8008.77,8109.39,198997626
2019-12-25,8055.72,8221.11,7958.1,8129.04,199999286
2019-12-26,8128.23,8153.42,8103.51,8122.89,301425604
2019-12-27,8109.47,8118.51,8038.19,8098.18,325493441
2019-12-30,8105.9,8169.16,8097.8,8128.02,242205584
2019-12-31,8121.56,8242.79,8065.38,8189.21,189743525
2020-01-01,8174.61,8182.18,8088.86,8102.94,295833313
2020-01-02,8064.14,8195.36,7995.29,8163.97,264166449
2020-01-03,8136.64,8256.04,8078.21,8165.92,342067514
2020-01-06,8166.43,8174.34,8093.99,8134.75,267450137
2020-01-07,8121.37,8392.99,8085.04,8339.12,751284901
2020-01-08,8325.87,8350.04,8277.37,8280.32,342029272
2020-01-09,8274.3,8343.77,8224.89,8284.68,181969700
2020-01-10,8306.37,8409.38,8265.83,8402.81,262683568
2020-01-13,8429.3,8497.72,8252.82,8309.68,282808234
2020-01-14,8337.88,8362.64,8261.64,8301.96,316410514
2020-01-15,8294.46,8304.5,8230.12,8236.28,294184744
2020-01-16,8256.87,8373.9,8250.52,8338.29,185133540
2020-01-17,8356.65,8414.81,8304.64,8405.86,229125761
2020-01-20,8350.7,8473.38,8281.71,8402.45,297762431
2020-01-21,8473.68,8497.78,8437.62,8496.17,301133965
2020-01-22,8511.52,8564.05,8488.76,8517.53,330122582
2020-01-23,8509.29,8572.25,8485.75,8522.48,186177598
2020-01-24,8479.03,8570.16,8423.43,8502.76,238021681
2020-01-27,8502.87,8531.88,8355.41,8411.78,193008360
2020-01-28,8387.64,8433.22,8240.92,8311.94,182706633
2020-01-29,8293.05,8366.54,8246.96,8349.02,201264816
2020-01-30,8321.38,8489.63,8297.36,8478.77,304616519
2020-01-31,8493.27,8500.51,8363.3,8425.69,222470142
2020-02-03,8440.99,8501.62,8399.25,8489.18,206385261
2020-02-04,8398.85,8611.87,8358.81,8559.77,256391481
2020-02-05,8624.51,8652.01,8462.35,8533.76,176394605
2020-02-06,8575.63,8606.54,8487.9,8564.56,256187170
2020-02-07,8542.8,8587.66,8469.79,8495.63,332577577
2020-02-10,8470.2,8570.14,8426.65,8501.45,215774604
2020-02-11,8554.93,8641.55,8423.81,8424.96,175255857
2020-02-12,8370.24,8410.32,8320.5,8350.64,267717535
2020-02-13,8389.41,8510.6,8285.9,8359.07,299539183
2020-02-14,8400.67,8562.09,8376.76,8494.95,297648209
2020-02-17,8561.08,8612.56,8313.4,8360.92,198364923
2020-02-18,8348.98,8392.47,8318.21,8375.05,343738198
2020-02-19,8401.01,8424.98,8298.45,8381.81,297626981
2020-02-20,8352.6,8418.76,8300.9,8378.23,210474709
2020-02-21,8334.58,8448.45,8280.08,8398.01,256559644
2020-02-24,8421.08,8479.33,8288.56,8326.44,228953850
2020-02-25,8343.2,8405.67,8251.74,8325.16,319617670
2020-02-26,8316.13,8373.61,8293.61,8320.57,190962258
2020-02-27,8351.78,8355.98,8284.92,8323.37,220529188
2020-02-28,8331.72,8371.44,7997.09,8015.4,711827456
2020-03-02,8015.44,8126.97,7970.73,8059.75,177092461
2020-03-03,8104.14,8123.98,7955.61,8026.3,240141955
2020-03-04,7994.75,8136.34,7970.53,8121.33,317230741
2020-03-05,8133.07,8174.77,8034.77,8096.77,197538521
2020-03-06,8147.16,8161.91,8018.98,8055.76,255674111
2020-03-09,8064.05,8117.15,7596.6,7661.02,737589890
2020-03-10,7665.62,7698.11,7624.88,7650.22,212575318
2020-03-11,7673.11,7716.01,7637.8,7672.07,283355896
2020-03-12,7672.75,7725.63,7030.49,7042.96,471342674
2020-03-13,7040.12,7131.19,6990.9,7084.42,267017460
2020-03-16,7140.37,7149.21,6680.7,6687.7,728196185
2020-03-17,6684.59,6805.89,6630.88,6788.11,259818909
2020-03-18,6815.49,6835.68,6385.19,6407.98,561607148
2020-03-19,6418.52,6503.9,6385.17,6431.48,348517981
2020-03-20,6388.33,6440.06,6304.28,6414.02,192523509
2020-03-23,6413.85,6434.48,5564.57,5581.48,735699806
2020-03-24,5577.72,5636.75,5550.0,5596.95,323138390
2020-03-25,5603.1,5980.16,5554.88,5966.35,511635128
2020-03-26,5930.21,5942.08,5867.9,5884.69,179936149
2020-03-27,5867.22,5878.41,5772.91,5781.25,207940891
2020-03-30,5828.89,5854.99,5744.31,5758.26,260826373
2020-03-31,5772.4,5807.97,5729.07,5762.0,175119611
2020-04-01,5775.45,5845.79,5727.4,5822.46,335786637
2020-04-02,5833.95,5898.12,5781.31,5881.66,335514225
2020-04-03,5888.61,5896.86,5830.34,5892.5,240378386
2020-04-06,5914.6,5937.35,5755.71,5796.56,198879042
2020-04-07,5808.21,6357.66,5738.2,6300.86,727144883
2020-04-08,6291.93,6432.64,6215.28,6377.66,296373069
2020-04-09,6358.26,6501.91,6300.44,6465.25,205686535
2020-04-10,6502.26,6556.18,6382.95,6437.53,341037918
2020-04-13,6429.4,6573.91,6398.75,6491.03,180666980
2020-04-14,6455.93,6501.17,6364.1,6393.32,273971293
2020-04-15,6387.87,6454.49,6369.95,6422.79,346916439
2020-04-16,6469.3,6539.07,6420.73,6480.75,286842970
2020-04-17,6462.32,6559.24,6414.91,6528.01,186864086
2020-04-20,6540.49,6592.48,6496.11,6528.91,303202286
2020-04-21,6518.44,6657.91,6484.38,6644.11,270554194
2020-04-22,6662.19,6750.64,6650.68,6698.0,295253070
2020-04-23,6706.94,6754.72,6687.26,6711.64,230775458
2020-04-24,6708.48,6778.17,6657.62,6735.06,303097389
2020-04-27,6718.29,6773.62,6572.36,6620.19,282387827
2020-04-28,6620.9,6665.08,6579.62,6608.45,330706822
2020-04-29,6618.64,6661.79,6573.11,6625.11,297009423
2020-04-30,6582.88,6643.08,6533.77,6611.57,216570949
2020-05-01,6622.14,6723.25,6598.5,6683.64,238145061
2020-05-04,6663.57,6703.25,6484.53,6503.18,519886180
2020-05-05,6518.89,6553.01,6411.87,6442.0,322659588
2020-05-06,6432.7,6517.02,6428.84,6466.45,190948953
2020-05-07,6450.55,6503.54,6404.14,6474.57,253010672
2020-05-08,6472.15,6525.9,6407.84,6442.32,185786889
2020-05-11,6442.86,6491.35,6395.08,6487.79,269753576
2020-05-12,6521.84,6549.65,6513.57,6516.36,318220912
2020-05-13,6488.21,6532.42,6436.66,6483.88,329289427
2020-05-14,6473.48,6506.84,6382.84,6440.1,262867757
2020-05-15,6477.59,6489.4,6372.85,6393.08,196049328
2020-05-18,6361.12,6392.57,6168.98,6188.5,794528796
2020-05-19,6180.67,6330.9,6135.14,6285.59,347948988
2020-05-20,6319.7,6326.04,6114.13,6119.78,540260225
2020-05-21,6090.95,6268.39,6052.28,6220.41,244537124
2020-05-22,6238.17,6243.69,6162.91,6203.77,312646361
2020-05-25,6182.69,6196.76,6120.78,6160.84,200934954
2020-05-26,6139.04,6208.1,6073.67,6088.73,273469657
2020-05-27,6100.58,6140.2,6073.69,6126.02,246905756
2020-05-28,6144.97,6171.48,6057.31,6084.54,223197474
2020-05-29,6110.73,6160.33,6084.93,6131.46,330675487
2020-06-01,6147.21,6176.69,6105.03,6115.76,331980488
2020-06-02,6121.48,6240.09,6076.12,6213.97,261033362
2020-06-03,6203.31,6246.91,6179.61,6209.07,345488399
2020-06-04,6225.31,6253.59,6070.19,6119.71,287972091
2020-06-05,6135.31,6180.73,6131.68,6136.49,307911326
2020-06-08,6102.75,6224.77,6072.78,6204.64,229446541
2020-06-09,6204.07,6257.63,6179.09,6179.33,180065927
2020-06-10,6223.1,6261.53,6198.45,6217.46,254878516
2020-06-11,6251.27,6267.65,6061.57,6086.9,626794231
2020-06-12,6078.64,6209.18,6030.13,6185.43,278957628
2020-06-15,6207.41,6272.17,6182.09,6198.33,203614882
2020-06-16,6230.82,6242.75,6150.98,6176.18,242648992
2020-06-17,6192.93,6244.12,6073.4,6139.55,288291481
2020-06-18,6131.02,6148.56,6092.84,6120.33,311553141
2020-06-19,6120.69,6157.49,6067.49,6129.28,280199841
2020-06-22,6147.96,6179.16,6057.17,6092.92,344229277
2020-06-23,6076.95,6092.32,6036.44,6054.71,219099774
2020-06-24,6019.08,6127.68,5980.35,6091.52,192904618
2020-06-25,6055.71,6084.01,6008.45,6048.41,288284871
2020-06-26,6032.63,6053.08,5975.24,6010.39,347963169
2020-06-29,5980.05,6027.91,5951.92,6025.56,331165414
2020-06-30,6021.41,6150.09,5987.05,6109.59,315950218
2020-07-01,6120.28,6127.22,5986.7,6002.21,301224559
2020-07-02,5955.71,5977.07,5911.93,5940.53,242948111
2020-07-03,5976.9,6032.83,5957.42,5996.64,302146228
2020-07-06,6001.76,6053.57,5947.35,5985.78,292576983
2020-07-07,5939.56,5967.4,5832.42,5881.29,206698775
2020-07-08,5891.35,5925.59,5771.62,5798.9,308510688
2020-07-09,5813.19,5945.97,5787.65,5892.16,237174594
2020-07-10,5891.43,5928.89,5858.08,5914.5,220597866
2020-07-13,5901.88,5964.35,5869.06,5874.44,277125558
2020-07-14,5882.93,5923.83,5837.43,5896.68,326812107
2020-07-15,5882.07,5921.4,5800.81,5862.67,199038920
2020-07-16,5870.06,5945.86,5864.62,5899.09,255075000
2020-07-17,5883.93,5938.69,5823.82,5856.78,285430735
2020-07-20,5871.53,5922.69,5761.12,5804.05,308208824
2020-07-21,5823.37,5878.26,5808.67,5809.16,190407235
2020-07-22,5784.39,5831.39,5776.31,5818.59,242080373
2020-07-23,5833.68,5927.95,5806.29,5895.7,231387298
2020-07-24,5903.36,5925.19,5884.88,5905.64,218544046
2020-07-27,5898.1,5912.22,5805.31,5846.44,278017370
2020-07-28,5868.15,5943.8,5843.08,5885.84,302370584
2020-07-29,5868.26,5949.86,5794.06,5929.4,234978246
2020-07-30,5947.62,5967.18,5781.02,5826.19,335685946
2020-07-31,5812.4,5978.82,5784.04,5941.79,303463408
2020-08-03,5929.56,5953.39,5906.89,5919.27,181538599
2020-08-04,5932.26,5997.77,5907.9,5977.53,349069040
2020-08-05,5959.24,5985.72,5902.12,5978.05,247935723
2020-08-06,5956.07,6037.09,5936.34,5991.67,296658605
2020-08-07,5977.81,6019.25,5961.79,6000.37,222246001
2020-08-10,5990.1,6013.84,5906.74,5940.52,300784089
2020-08-11,5949.15,5984.67,5884.92,5923.83,209956142
2020-08-12,5921.47,6000.08,5883.41,5948.69,226686460
2020-08-13,5975.71,6063.37,5934.52,6028.04,232855632
2020-08-14,6064.02,6178.3,6004.08,6147.09,292078837
2020-08-17,6153.41,6190.3,6095.06,6096.29,192725833
2020-08-18,6095.64,6139.35,6048.49,6094.24,256248537
2020-08-19,6106.47,6143.6,6050.06,6095.22,315279317
2020-08-20,6079.89,6168.11,6023.8,6109.84,183030590
2020-08-21,6131.4,6172.06,6092.26,6163.11,251600040
2020-08-24,6126.61,6215.0,6067.01,6210.45,207002148
2020-08-25,6158.81,6327.42,6130.0,6267.97,323867526
2020-08-26,6279.16,6329.61,6244.84,6324.09,296829727
2020-08-27,6380.49,6428.28,6260.8,6302.89,278381303
2020-08-28,6315.13,6358.3,6275.57,6353.71,237754810
2020-08-31,6391.68,6442.94,6332.31,6405.66,197864682
2020-09-01,6416.67,6443.67,6258.57,6285.08,220782251
2020-09-02,6269.66,6356.47,6252.3,6297.85,275913576
2020-09-03,6234.02,6244.65,6196.81,6219.72,266543055
2020-09-04,6216.32,6239.33,6158.29,6181.82,235506160
2020-09-07,6170.93,6185.41,6109.01,6152.29,347863534
2020-09-08,6185.58,6224.91,6049.77,6099.91,324077451
2020-09-09,6106.47,6213.87,6089.3,6188.29,344775383
2020-09-10,6204.99,6240.07,6175.37,6194.62,216124999
2020-09-11,6151.54,6196.2,6147.84,6156.97,253236920
2020-09-14,6178.19,6240.14,6152.15,6194.37,247159245
2020-09-15,6193.94,6224.72,6126.46,6178.59,283336576
2020-09-16,6168.68,6273.66,6130.11,6221.6,341312147
2020-09-17,6216.17,6338.26,6181.14,6301.97,273026397
2020-09-18,6281.14,6381.43,6266.0,6364.38,194954087
2020-09-21,6330.67,6362.57,6206.44,6224.36,569474990
2020-09-22,6167.98,6320.01,6114.36,6294.52,297866809
2020-09-23,6298.8,6380.42,6243.86,6329.61,301272841
2020-09-24,6351.27,6440.68,6278.42,6391.8,243756885
2020-09-25,6403.69,6433.34,6282.11,6304.79,247532310
2020-09-28,6283.41,6404.69,6268.89,6400.7,253838304
2020-09-29,6346.97,6393.43,6282.67,6331.03,267813760
2020-09-30,6348.84,6499.63,6335.43,6455.57,263958257
2020-10-01,6447.91,6494.74,6430.39,6490.06,197466811
2020-10-02,6512.92,6562.04,6420.77,6437.58,242315961
2020-10-05,6430.22,6596.78,6413.1,6562.74,343628869
2020-10-06,6557.43,6674.12,6509.04,6627.26,297502499
2020-10-07,6604.92,6652.37,6600.4,6631.07,299578012
2020-10-08,6616.27,6750.75,6555.9,6708.65,225851411
2020-10-09,6741.77,6803.87,6634.94,6664.87,342707129
2020-10-12,6663.87,6692.48,6540.29,6581.98,236641615
2020-10-13,6586.19,6608.66,6499.23,6514.18,305877026
2020-10-14,6496.22,6596.52,6492.72,6543.32,266477747
2020-10-15,6545.64,6605.11,6524.31,6578.55,306282378
2020-10-16,6596.88,6640.28,6525.93,6607.38,295854098
2020-10-19,6649.85,6718.27,6545.29,6585.53,192934001
2020-10-20,6553.67,6707.01,6545.08,6652.04,273222346
2020-10-21,6698.51,6736.8,6646.6,6664.22,291286374
2020-10-22,6652.46,6805.5,6633.64,6718.93,229714446
2020-10-23,6717.53,6750.87,6653.04,6714.66,311661856
2020-10-26,6677.83,6853.82,6660.67,6792.82,288335667
2020-10-27,6758.67,6805.57,6746.02,6799.67,343750719
2020-10-28,6816.02,6844.61,6772.31,6794.32,205414148
2020-10-29,6792.02,6802.5,6697.99,6742.91,197761642
2020-10-30,6732.48,6750.68,6648.32,6709.56,202090997
2020-11-02,6729.04,6821.25,6680.58,6742.95,282731518
2020-11-03,6716.31,6732.85,6687.52,6712.72,312205503
2020-11-04,6729.95,6766.5,6660.49,6700.9,263399561
2020-11-05,6717.67,6762.7,6603.79,6644.71,212336916
2020-11-06,6666.6,6706.26,6557.67,6623.35,267837306
2020-11-09,6622.3,6769.58,6588.95,6733.25,292064231
2020-11-10,6752.79,6764.99,6606.37,6621.34,342806942
2020-11-11,6600.1,6680.34,6591.13,6606.08,242528288
2020-11-12,6600.69,6664.6,6553.41,6566.89,240617657
2020-11-13,6539.92,6665.49,6495.46,6591.85,208689667
2020-11-16,6586.25,6642.62,6386.88,6461.3,269145595
2020-11-17,6461.74,6503.24,6458.73,6486.9,326366399
2020-11-18,6492.48,6495.44,6444.13,6469.37,345839186
2020-11-19,6432.51,6549.76,6412.0,6487.35,201907051
2020-11-20,6493.25,6530.98,6409.34,6444.94,313987587
2020-11-23,6432.9,6466.89,6337.02,6383.6,242905705
2020-11-24,6363.75,6423.83,6315.02,6349.78,268596014
2020-11-25,6322.42,6354.9,6301.86,6308.3,297654355
2020-11-26,6333.8,6483.32,6280.71,6424.56,227736374
2020-11-27,6447.19,6524.34,6407.17,6509.89,290626553
2020-11-30,6515.12,6559.98,6401.43,6448.23,314559807
2020-12-01,6429.68,6478.89,6266.61,6320.64,334979560
2020-12-02,6281.39,6351.65,6216.34,6350.87,271866732
2020-12-03,6346.46,6403.69,6298.36,6330.82,269001608
2020-12-04,6323.76,6411.68,6314.27,6380.22,235174038
2020-12-07,6399.41,6419.81,6288.93,6319.64,213637894
2020-12-08,6305.32,6389.73,6242.6,6343.74,324143947
2020-12-09,6296.4,6477.92,6265.04,6424.38,271191306
2020-12-10,6433.66,6491.07,6375.3,6425.37,260258321
2020-12-11,6437.13,6464.27,6392.87,6417.63,283415261
2020-12-14,6404.44,6469.28,6363.94,6462.52,228493210
2020-12-15,6445.68,6466.67,6362.9,6407.55,249953793
2020-12-16,6408.13,6492.75,6344.59,6454.82,251321711
2020-12-17,6443.12,6505.09,6435.88,6476.96,255998465
2020-12-18,6494.12,6514.98,6425.21,6453.63,281159841
2020-12-21,6410.83,6567.38,6359.49,6519.28,221066063
2020-12-22,6512.47,6578.51,6478.02,6542.42,263756204
2020-12-23,6549.15,6632.05,6501.15,6620.9,333603126
2020-12-24,6610.33,6665.38,6527.88,6560.5,310659516
2020-12-25,6574.43,6611.56,6539.51,6540.63,225924853
2020-12-28,6547.5,6561.61,6436.13,6482.42,290968735
2020-12-29,6444.05,6570.6,6419.08,6546.78,264973919
2020-12-30,6552.24,6612.07,6496.95,6520.46,344353722
2020-12-31,6490.6,6545.48,6447.33,6521.55,260337375
2021-01-01,6531.19,6623.26,6494.74,6577.43,333852066
2021-01-04,6600.11,6627.02,6509.22,6543.64,346603211
2021-01-05,6580.12,6583.99,6483.84,6511.47,321102646
2021-01-06,6544.02,6589.68,6454.67,6512.49,238926936
2021-01-07,6471.85,6485.42,6428.98,6459.3,333767424
2021-01-08,6456.83,6503.89,6399.59,6415.24,259369265
2021-01-11,6396.8,6436.04,6330.49,6371.16,188490439
2021-01-12,6357.38,6396.14,6306.58,6355.03,300527973
2021-01-13,6367.48,6434.3,6363.9,6390.87,259265413
2021-01-14,6393.2,6444.12,6298.42,6360.87,178928056
2021-01-15,6369.77,6482.56,6314.51,6435.97,181858401
2021-01-18,6432.14,6463.64,6382.09,6426.36,342691708
2021-01-19,6407.01,6469.18,6340.92,6376.37,290805385
2021-01-20,6386.93,6412.09,6327.98,6378.73,326777919
2021-01-21,6420.93,6439.27,6409.09,6434.77,318579306
2021-01-22,6469.15,6504.76,6405.73,6475.23,234967473
2021-01-25,6485.2,6519.66,6361.04,6411.92,193999769
2021-01-26,6460.49,6472.55,6419.28,6450.99,201173208
2021-01-27,6467.67,6537.84,6438.76,6509.43,312176941
2021-01-28,6509.16,6531.38,6455.33,6488.92,280608063
2021-01-29,6440.02,6588.33,6435.37,6551.14,266357740
2021-02-01,6556.82,6575.63,6516.83,6546.93,315402534
2021-02-02,6522.05,6572.89,6506.42,6567.52,308269364
2021-02-03,6556.27,6614.16,6506.71,6566.37,215689755
2021-02-04,6549.77,6649.9,6530.96,6602.38,208078677
2021-02-05,6557.29,6608.57,6529.02,6584.38,176258959
2021-02-08,6551.21,6576.43,6493.61,6543.37,202086251
2021-02-09,6527.06,6572.28,6509.55,6525.94,238987716
2021-02-10,6564.87,6598.1,6507.38,6519.8,312162972
2021-02-11,6522.55,6540.94,6446.75,6474.1,228664290
2021-02-12,6507.68,6536.46,6427.73,6433.34,290374498
2021-02-15,6405.35,6468.51,6384.05,6439.91,212530174
2021-02-16,6453.6,6457.42,6384.18,6406.93,298688238
2021-02-17,6463.02,6530.17,6430.29,6489.22,200432476
2021-02-18,6476.76,6594.81,6438.56,6549.26,189006953
2021-02-19,6555.33,6670.14,6524.95,6609.86,266175970
2021-02-22,6575.22,6666.58,6554.5,6599.02,287050980
2021-02-23,6605.65,6618.85,6568.19,6571.38,225051139
2021-02-24,6578.84,6671.43,6547.01,6652.59,204659506
2021-02-25,6657.01,6745.85,6623.48,6700.58,349443000
2021-02-26,6705.22,6719.71,6434.04,6445.96,631209945
2021-03-01,6445.16,6523.15,6399.22,6497.99,320208840
2021-03-02,6518.68,6553.1,6470.69,6529.67,281113596
2021-03-03,6550.23,6625.27,6507.82,6526.87,246248559
2021-03-04,6534.81,6572.09,6495.15,6514.72,315514892
2021-03-05,6566.02,6673.53,6522.68,6651.23,692967151
2021-03-08,6684.7,6712.26,6553.24,6590.36,343216776
2021-03-09,6562.03,6600.1,6475.61,6504.2,195346952
2021-03-10,6537.8,6581.71,6443.09,6504.93,215237774
2021-03-11,6478.88,6586.56,6449.05,6509.39,320630982
2021-03-12,6509.52,6557.31,6493.67,6516.09,188305043
2021-03-15,6543.03,6566.02,6425.05,6432.44,222088261
2021-03-16,6469.31,6555.25,6417.2,6532.28,209941644
2021-03-17,6527.43,6534.36,6468.74,6504.78,218696700
2021-03-18,6493.65,6573.17,6426.29,6548.19,293267121
2021-03-19,6529.49,6643.13,6494.1,6633.46,182396047
2021-03-22,6596.74,6632.64,6546.4,6570.78,331974960
2021-03-23,6591.51,6607.58,6509.41,6586.11,224046659
2021-03-24,6592.13,6650.53,6515.16,6581.42,258706013
2021-03-25,6551.33,6649.57,6541.97,6622.4,205590063
2021-03-26,6662.96,6711.83,6659.24,6682.98,177068496
2021-03-29,6691.59,6771.31,6670.69,6712.0,220447634
2021-03-30,6693.16,6818.81,6686.82,6789.36,239036726
2021-03-31,6770.69,6845.13,6742.64,6810.97,324507065
2021-04-01,6807.79,6854.18,6713.23,6765.11,214999181
2021-04-02,6782.49,6871.47,6746.41,6827.79,241654591
2021-04-05,6869.83,6972.66,6813.25,6896.66,205906273
2021-04-06,6805.86,7024.76,6756.12,6989.64,301098057
2021-04-07,6994.84,7012.38,6928.96,6938.72,244720332
2021-04-08,6935.15,6962.94,6873.12,6916.92,285225887
2021-04-09,6893.18,6933.25,6845.28,6862.65,338072800
2021-04-12,6889.63,6922.55,6585.37,6622.45,492433121
2021-04-13,6572.08,6769.32,6513.36,6727.35,288597916
2021-04-14,6769.03,6795.63,6711.1,6780.39,260311405
2021-04-15,6723.65,6799.35,6678.4,6777.72,285549633
2021-04-16,6790.68,6847.33,6773.97,6806.72,285472846
2021-04-19,6783.69,6828.05,6674.34,6713.1,214938139
2021-04-20,6733.44,6763.78,6639.3,6701.56,222468417
2021-04-21,6719.69,6735.51,6549.61,6602.58,343967055
2021-04-22,6611.24,6675.64,6542.34,6579.85,290853945
2021-04-23,6564.9,6712.64,6525.73,6668.71,193026629
2021-04-26,6690.09,6813.35,6657.58,6783.92,244477191
2021-04-27,6772.65,6827.14,6726.88,6794.1,289595718
2021-04-28,6778.69,6873.88,6727.71,6839.41,284634119
2021-04-29,6877.78,6987.46,6837.69,6922.68,325564543
2021-04-30,6950.72,7010.72,6869.64,6900.1,222672524
2021-05-03,6924.87,6954.59,6740.49,6762.32,279577234
2021-05-04,6734.12,6745.12,6690.97,6714.94,286917443
2021-05-05,6738.03,6739.73,6679.33,6703.88,252325553
2021-05-06,6719.42,6752.74,6649.1,6682.77,317691463
2021-05-07,6662.73,6752.26,6628.62,6721.21,336365469
2021-05-10,6711.2,6846.61,6676.0,6791.07,226261457
2021-05-11,6794.32,6819.51,6745.33,6800.24,273097012
2021-05-12,6810.22,6842.49,6767.62,6781.38,241212660
2021-05-13,6809.7,6845.89,6716.42,6784.88,334242020
2021-05-14,6746.32,6851.17,6679.25,6824.34,316541513
2021-05-17,6852.18,6892.75,6686.86,6735.77,286456224
2021-05-18,6721.29,6745.53,6686.19,6710.69,178394194
2021-05-19,6720.88,6824.2,6678.25,6786.56,222109148
2021-05-20,6743.85,6810.16,6698.43,6775.03,261376421
2021-05-21,6794.65,6850.26,6722.4,6756.55,256144781
2021-05-24,6733.17,6840.24,6725.41,6778.59,184806710
2021-05-25,6768.29,6811.84,6731.85,6790.96,322269375
2021-05-26,6744.45,6903.74,6685.89,6844.22,218568413
2021-05-27,6814.87,6895.29,6785.92,6861.4,255646061
2021-05-28,6828.38,6937.14,6796.61,6879.54,294252406
2021-05-31,6902.02,6932.2,6838.83,6868.79,339048661
2021-06-01,6866.03,6891.41,6809.76,6833.5,330315925
2021-06-02,6819.02,6925.66,6765.66,6869.18,231789860
2021-06-03,6888.35,6962.67,6828.9,6901.48,176562724
2021-06-04,6914.08,7016.63,6874.65,7009.56,239994766
2021-06-07,7018.32,7107.98,6967.13,7048.09,337898537
2021-06-08,7047.34,7205.36,7000.33,7140.99,297732424
2021-06-09,7126.68,7200.42,7030.51,7158.03,312998319
2021-06-10,7106.26,7194.4,7065.11,7171.6,295618746
2021-06-11,7183.61,7239.31,7138.87,7159.95,251562500
2021-06-14,7202.48,7243.28,7094.43,7142.95,235841318
2021-06-15,7120.16,7205.69,7114.42,7146.7,272041054
2021-06-16,7153.65,7219.03,7101.55,7187.86,239244723
2021-06-17,7188.04,7310.38,7141.98,7284.1,178275974
2021-06-18,7244.64,7399.08,7172.65,7359.79,290200648
2021-06-21,7352.73,7363.84,7276.13,7308.79,271506866
2021-06-22,7291.97,7321.67,7248.2,7276.41,266560094
2021-06-23,7298.89,7460.83,7229.09,7392.95,210363830
2021-06-24,7394.19,7395.28,7354.87,7373.58,290136220
2021-06-25,7366.17,7401.83,7229.34,7286.64,281041884
2021-06-28,7315.61,7468.8,7253.45,7425.04,330709281
2021-06-29,7450.73,7598.21,7402.32,7533.73,339192675
2021-06-30,7548.31,7574.95,7486.87,7489.86,221517736
2021-07-01,7492.75,7542.27,7403.94,7522.7,343102680
2021-07-02,7550.41,7639.78,7515.26,7616.22,267083603
2021-07-05,7658.9,7713.47,7553.77,7626.22,247657305
2021-07-06,7653.01,7730.9,7594.52,7708.44,291417412
2021-07-07,7695.93,7795.75,7635.86,7747.04,234064752
2021-07-08,7840.39,7904.18,7793.23,7885.4,230152124
2021-07-09,7883.9,7965.53,7814.87,7953.85,250352912
2021-07-12,7910.78,7973.52,7877.43,7949.04,308998938
2021-07-13,7938.14,8069.94,7904.36,8004.52,244490848
2021-07-14,7914.16,8001.0,7890.6,7984.92,348847101
2021-07-15,8010.49,8058.64,7889.58,7975.81,178797740
2021-07-16,7931.9,8065.58,7861.55,8030.4,272356539
2021-07-19,8022.04,8137.55,7976.33,8075.1,199221433
2021-07-20,8106.74,8151.54,7939.76,8023.57,191083396
2021-07-21,8065.82,8101.61,7908.05,7909.73,313758234
2021-07-22,7962.07,8006.1,7951.31,7977.83,333839737
2021-07-23,7962.63,7998.58,7931.29,7940.0,188733544
2021-07-26,7958.77,8073.04,7882.09,8058.47,247891299
2021-07-27,8010.42,8207.35,7934.38,8161.35,280402786
2021-07-28,8165.41,8316.57,8109.69,8290.8,182206894
2021-07-29,8286.12,8309.92,8220.3,8261.34,183840967
2021-07-30,8228.55,8272.62,8176.07,8262.71,263327635
2021-08-02,8289.63,8320.63,8232.86,8282.43,189445394
2021-08-03,8277.85,8310.78,8224.29,8271.84,262819045
2021-08-04,8254.55,8349.52,8189.26,8287.02,260375692
2021-08-05,8269.12,8281.02,8254.73,8269.86,218093022
2021-08-06,8294.78,8405.68,8201.65,8389.18,190679063
2021-08-09,8358.13,8392.56,8298.32,8363.53,278928501
2021-08-10,8367.85,8510.27,8328.4,8433.2,348277856
2021-08-11,8439.93,8526.67,8350.3,8405.29,209944912
2021-08-12,8445.61,8494.61,8298.72,8330.63,184544152
2021-08-13,8306.6,8568.67,8298.79,8494.16,177403326
2021-08-16,8478.67,8529.11,8434.53,8491.85,211576669
2021-08-17,8486.43,8509.29,8414.95,8454.37,259529607
2021-08-18,8435.85,8500.07,8398.19,8459.32,277025865
2021-08-19,8450.68,8510.45,8390.19,8458.21,313107986
2021-08-20,8450.66,8491.11,8411.12,8450.7,243012900
2021-08-23,8516.2,8531.31,8441.54,8442.09,178338706
2021-08-24,8405.91,8567.71,8338.44,8522.15,345907089
2021-08-25,8539.53,8647.54,8520.17,8583.39,207623042
2021-08-26,8583.23,8630.56,8472.54,8512.73,218293624
2021-08-27,8507.09,8537.76,8407.36,8458.86,235686483
2021-08-30,8496.88,8544.96,8297.48,8409.06,262719005
2021-08-31,8365.42,8538.42,8359.98,8457.54,317600261
2021-09-01,8465.47,8597.93,8408.22,8557.92,332005680
2021-09-02,8545.68,8556.51,8458.93,8551.09,282178468
2021-09-03,8533.66,8577.18,8467.4,8524.73,344844005
2021-09-06,8508.35,8615.95,8470.0,8589.93,199250892
2021-09-07,8574.09,8630.66,8448.09,8473.85,298398867
2021-09-08,8471.13,8582.45,8405.81,8446.17,200401669
2021-09-09,8415.37,8632.65,8342.32,8603.2,341005273
2021-09-10,8623.57,8734.64,8609.0,8660.88,308951127
2021-09-13,8636.38,8746.7,8577.76,8727.1,338409491
2021-09-14,8676.97,8911.03,8586.85,8873.55,193685000
2021-09-15,8928.74,8963.62,8897.73,8935.05,274232541
2021-09-16,8960.84,8995.89,8930.78,8952.14,295424724
2021-09-17,8958.33,8969.47,8855.04,8873.72,240442895
2021-09-20,8840.65,8993.03,8782.61,8936.94,180640171
2021-09-21,8930.74,8990.12,8858.5,8948.82,304914165
2021-09-22,8944.37,9189.78,8873.75,9087.27,347484836
2021-09-23,9056.0,9190.03,8983.13,9158.01,218187172
2021-09-24,9164.04,9207.32,9130.73,9149.74,229757060
2021-09-27,9110.88,9128.6,9035.61,9062.47,328262020
2021-09-28,9019.69,9098.05,8958.91,9094.76,182422785
2021-09-29,9093.61,9209.37,9020.17,9199.02,272597666
2021-09-30,9193.77,9260.84,9047.55,9099.95,244656981
2021-10-01,9164.24,9181.9,9009.93,9062.09,282298498
2021-10-04,9076.78,9238.87,8990.66,9160.66,254047165
2021-10-05,9142.96,9222.56,9125.03,9165.1,296819974
2021-10-06,9193.56,9258.8,9142.13,9229.22,278305208
2021-10-07,9205.1,9253.91,9153.06,9227.93,296050549
2021-10-08,9191.65,9399.69,9159.0,9355.76,194978864
2021-10-11,9366.87,9386.19,9252.62,9295.0,313436653
2021-10-12,9288.34,9314.55,9049.33,9113.38,309445556
2021-10-13,9088.73,9247.5,9055.96,9209.93,327043244
2021-10-14,9262.35,9300.02,9204.39,9274.6,309510323
2021-10-15,9291.85,9348.57,9125.7,9181.46,210499048
2021-10-18,9161.92,9168.34,9090.51,9150.13,270112702
2021-10-19,9152.87,9372.05,9069.07,9322.6,258249598
2021-10-20,9330.72,9360.34,9272.45,9306.68,270784781
2021-10-21,9274.19,9324.41,9205.83,9244.23,200944829
2021-10-22,9235.93,9314.47,9222.39,9243.29,321652526
2021-10-25,9322.64,9395.97,9146.84,9201.54,206193468
2021-10-26,9156.89,9194.77,9145.57,9162.23,312778826
2021-10-27,9198.5,9221.5,9182.91,9211.29,191297100
2021-10-28,9244.94,9283.45,9146.43,9199.55,249781671
2021-10-29,9190.0,9263.79,9071.45,9148.83,223023244
2021-11-01,9141.28,9174.11,9056.38,9066.43,194127891
2021-11-02,9015.77,9140.27,8972.97,9063.78,295514498
2021-11-03,9020.94,9318.91,8937.42,9281.34,560770995
2021-11-04,9262.13,9298.65,8981.92,9038.47,646922018
2021-11-05,9032.16,9059.99,8896.25,8941.75,281646007
2021-11-08,8845.52,8948.75,8800.97,8898.38,284455629
2021-11-09,8945.02,9093.67,8894.48,9017.8,247457199
2021-11-10,9057.78,9100.04,8937.5,8979.31,210207749
2021-11-11,9041.54,9075.0,8888.89,8963.59,231686671
2021-11-12,8965.69,9112.01,8883.47,9090.33,282798835
2021-11-15,9094.44,9181.83,9026.9,9148.16,292682767
2021-11-16,9115.3,9305.69,9094.19,9278.75,284760085
2021-11-17,9249.85,9387.01,9160.71,9365.25,247441786
2021-11-18,9294.2,9401.42,9204.36,9368.36,230212997
2021-11-19,9362.63,9389.48,9324.88,9325.41,330405157
2021-11-22,9403.86,9448.58,9155.62,9208.49,347133284
2021-11-23,9157.95,9179.01,9079.4,9113.25,279158576
2021-11-24,9067.52,9248.1,9044.54,9208.72,180534937
2021-11-25,9230.97,9279.0,9064.45,9140.13,341377181
2021-11-26,9146.68,9213.13,8795.14,8875.06,722226637
2021-11-29,8907.96,9001.0,8832.58,8971.25,262509503
2021-11-30,9001.11,9103.02,8953.88,8995.24,310718311
2021-12-01,9040.56,9127.59,8840.82,8913.0,293425525
2021-12-02,8951.47,9026.55,8759.2,8762.78,266410352
2021-12-03,8844.11,8889.7,8772.79,8803.14,190238281
2021-12-06,8792.55,8837.82,8715.41,8720.96,229684140
2021-12-07,8694.3,8750.61,8632.79,8717.62,208695486
2021-12-08,8712.52,8778.49,8656.15,8687.43,201131126
2021-12-09,8686.53,8759.6,8665.46,8711.51,211151041
2021-12-10,8693.53,8755.21,8591.28,8660.12,224571846
2021-12-13,8660.56,8814.05,8634.86,8760.15,252638336
2021-12-14,8787.2,8852.37,8688.52,8726.57,184414978
2021-12-15,8706.94,8757.79,8691.22,8705.93,321330520
2021-12-16,8690.86,8700.0,8635.34,8660.32,299757269
2021-12-17,8639.92,8811.89,8552.23,8796.55,256496688
2021-12-20,8840.12,8919.6,8716.63,8786.5,254727229
2021-12-21,8764.37,8770.26,8731.39,8756.54,214164029
2021-12-22,8787.73,8803.67,8712.54,8778.87,297432558
2021-12-23,8747.41,8754.64,8682.33,8750.76,180296223
2021-12-24,8718.58,8765.86,8678.38,8706.39,309389765
2021-12-27,8691.99,8763.36,8609.8,8728.06,314432610
2021-12-28,8704.87,8899.4,8652.16,8821.25,245142883
2021-12-29,8779.2,8841.81,8718.71,8742.63,242167880
2021-12-30,8708.02,8791.76,8688.75,8693.79,251186898
2021-12-31,8703.93,8715.5,8588.06,8634.55,188631520
2022-01-03,8675.49,8782.53,8666.77,8753.2,256008976
2022-01-04,8692.01,8799.55,8618.73,8772.27,187181336
2022-01-05,8822.19,9025.4,8773.94,8949.56,623003301
2022-01-06,8941.22,8975.84,8819.23,8886.44,333069800
2022-01-07,8885.99,8929.37,8700.16,8752.95,267969768
2022-01-10,8717.52,8863.46,8660.16,8797.37,230404600
2022-01-11,8727.03,8933.94,8704.0,8914.63,251077230
2022-01-12,8947.2,9138.89,8898.77,9096.15,795247576
2022-01-13,9080.48,9165.31,9042.11,9111.67,271054898
2022-01-14,9165.35,9253.47,9108.19,9193.42,325718371
2022-01-17,9211.31,9242.0,9099.43,9137.0,230672279
2022-01-18,9110.45,9173.74,9066.08,9072.93,258102497
2022-01-19,9086.46,9156.49,8959.95,9051.45,201996775
2022-01-20,9105.36,9149.69,8942.6,8994.5,177748864
2022-01-21,8987.06,9041.33,8956.23,9026.96,189816102
2022-01-24,9069.49,9096.28,8760.61,8783.24,609610029
2022-01-25,8736.81,8847.8,8685.22,8818.59,264147610
2022-01-26,8806.19,8839.61,8694.6,8751.64,280800320
2022-01-27,8719.75,8765.47,8561.61,8635.26,246896617
2022-01-28,8625.81,8701.75,8540.6,8578.95,298354444
2022-01-31,8604.62,8691.32,8574.73,8653.31,302976307
2022-02-01,8643.08,8923.86,8627.99,8874.12,477382110
2022-02-02,8864.37,8910.97,8812.25,8909.74,343071933
2022-02-03,8933.54,9067.03,8910.81,9014.99,184235497
2022-02-04,9067.09,9080.27,8900.62,8951.64,257115668
2022-02-07,8914.4,9045.46,8881.41,8954.09,225611477
2022-02-08,8971.94,9178.19,8970.43,9132.68,273648597
2022-02-09,9148.25,9274.89,9094.26,9224.38,348313845
2022-02-10,9176.25,9317.93,9118.64,9274.21,263479319
2022-02-11,9250.16,9384.04,9186.74,9322.14,325125217
2022-02-14,9323.76,9434.56,9243.42,9370.55,201448732
2022-02-15,9392.94,9436.12,9154.69,9243.88,259860739
2022-02-16,9173.8,9341.81,9117.51,9301.75,200387294
2022-02-17,9293.07,9396.05,9244.03,9353.67,309814363
2022-02-18,9393.86,9428.15,9338.0,9370.13,303513194
2022-02-21,9414.56,9461.62,9283.15,9315.86,204330069
2022-02-22,9334.61,9379.84,9271.85,9271.96,268191145
2022-02-23,9311.71,9342.43,9143.91,9192.33,327298603
2022-02-24,9276.27,9324.5,8744.86,8751.09,786616952
2022-02-25,8746.95,8834.4,8670.28,8797.38,342332139
2022-02-28,8725.79,8823.73,8667.08,8755.54,221740367
2022-03-01,8797.16,8862.79,8705.51,8714.18,306090909
2022-03-02,8709.61,8814.72,8657.45,8805.73,295798707
2022-03-03,8824.64,8955.18,8803.69,8880.43,177093246
2022-03-04,8894.03,8944.95,8738.69,8765.07,224576978
2022-03-07,8773.29,8818.03,8506.67,8554.71,482179448
2022-03-08,8535.85,8740.3,8524.41,8664.38,286664504
2022-03-09,8647.46,8717.56,8614.9,8665.73,289869060
2022-03-10,8639.38,8852.19,8607.05,8753.73,296739385
2022-03-11,8793.0,8871.36,8733.73,8762.9,336471693
2022-03-14,8799.38,8880.19,8742.73,8760.84,231595722
2022-03-15,8772.53,8835.42,8754.12,8787.1,233214578
2022-03-16,8819.42,9013.47,8745.68,8971.28,622102625
2022-03-17,8949.91,9135.38,8875.99,9076.22,200177705
2022-03-18,9050.91,9101.09,9049.17,9093.03,300195055
2022-03-21,9101.58,9154.33,9064.96,9127.43,253029359
2022-03-22,9114.89,9178.08,9111.38,9172.89,291306021
2022-03-23,9229.52,9305.08,9145.18,9170.74,265192025
2022-03-24,9155.03,9268.24,9087.75,9265.25,311663981
2022-03-25,9220.19,9412.81,9172.26,9297.08,318145915
2022-03-28,9302.49,9372.43,9169.91,9205.6,294321253
2022-03-29,9236.06,9293.23,9083.53,9126.1,268559601
2022-03-30,9122.47,9167.77,9064.86,9167.34,288363700
2022-03-31,9176.64,9220.06,9118.77,9187.52,296779398
2022-04-01,9156.11,9324.55,9100.61,9285.56,285738472
2022-04-04,9265.25,9353.77,9177.14,9291.75,278765449
2022-04-05,9292.66,9315.94,9233.16,9273.51,268439508
2022-04-06,9238.54,9381.53,9192.1,9327.2,184809529
2022-04-07,9316.48,9427.03,9235.38,9342.85,291780373
2022-04-08,9357.4,9414.67,9202.46,9237.46,276385499
2022-04-11,9232.85,9338.74,9155.06,9266.91,257463436
2022-04-12,9261.32,9340.19,9228.9,9298.14,205143576
2022-04-13,9307.98,9428.03,9290.99,9372.76,204870642
2022-04-14,9335.3,9407.17,9192.75,9259.23,314855663
2022-04-15,9325.0,9325.91,9226.37,9295.63,346883731
2022-04-18,9265.98,9357.83,9225.12,9275.42,199032645
2022-04-19,9219.03,9408.13,9209.74,9357.98,233713152
2022-04-20,9372.19,9409.46,9303.07,9399.96,271846352
2022-04-21,9432.19,9490.7,9191.78,9241.2,323289174
2022-04-22,9199.59,9276.88,9099.05,9147.9,176111176
2022-04-25,9162.18,9185.39,9161.19,9172.78,247838892
2022-04-26,9113.7,9270.06,9085.15,9230.57,286969498
2022-04-27,9225.07,9305.8,9129.41,9160.9,181583712
2022-04-28,9199.93,9293.37,9165.81,9210.38,311952030
2022-04-29,9213.27,9263.77,9153.41,9216.44,267784828
2022-05-02,9236.21,9336.92,9224.39,9288.06,213373323
2022-05-03,9233.98,9356.62,9169.33,9313.08,314407270
2022-05-04,9274.3,9294.75,9070.17,9098.88,684549922
2022-05-05,9149.34,9205.46,9077.97,9117.17,233501560
2022-05-06,9138.05,9210.74,9048.31,9208.49,336850735
2022-05-09,9237.51,9343.25,9204.97,9253.46,331638855
2022-05-10,9244.59,9277.14,9206.76,9267.47,293449195
2022-05-11,9237.98,9414.2,9197.21,9324.37,304105876
2022-05-12,9349.12,9393.51,9296.48,9366.57,259771350
2022-05-13,9382.76,9502.29,9307.31,9465.06,242782803
2022-05-16,9504.6,9585.91,9431.37,9436.27,210386905
2022-05-17,9476.67,9553.75,9224.68,9285.15,324038989
2022-05-18,9263.16,9362.08,9248.92,9311.12,280636296
2022-05-19,9375.76,9430.64,9061.28,9069.03,664034831
2022-05-20,9153.25,9231.26,9116.61,9178.19,324970408
2022-05-23,9186.39,9188.24,8915.06,8931.94,547709807
2022-05-24,8874.08,8972.48,8805.6,8927.34,276406730
2022-05-25,8897.3,9083.32,8823.77,9017.28,175888576
2022-05-26,9016.0,9050.23,8962.23,9049.82,180883597
2022-05-27,9041.78,9101.5,8971.52,8974.35,254177239
2022-05-30,9020.17,9108.75,8942.67,8991.04,341238431
2022-05-31,9013.34,9083.03,8977.59,9044.9,258962016
2022-06-01,9097.99,9171.2,9005.05,9015.19,179272357
2022-06-02,9032.54,9096.19,8874.39,8899.54,313225274
2022-06-03,8928.46,8937.48,8847.45,8852.54,187372253
2022-06-06,8832.76,8988.91,8782.43,8916.74,222213141
2022-06-07,8901.92,9075.36,8901.23,9017.14,189167832
2022-06-08,8977.08,9227.27,8909.22,9119.59,293064269
2022-06-09,9108.14,9179.36,9033.8,9158.92,238974950
2022-06-10,9200.71,9300.32,9136.88,9214.59,210824703
2022-06-13,9241.62,9284.16,8906.91,8975.01,778701776
2022-06-14,8895.5,9055.04,8839.07,9042.92,214451514
2022-06-15,9025.76,9240.02,8989.29,9176.79,186089606
2022-06-16,9150.01,9177.41,8913.45,8984.07,634338909
2022-06-17,9023.47,9111.94,9008.32,9081.16,226146261
2022-06-20,9036.28,9127.44,8963.28,8991.73,339653280
2022-06-21,9022.13,9185.5,8973.44,9150.58,332140525
2022-06-22,9239.62,9302.18,9055.46,9114.98,296989369
2022-06-23,9116.69,9124.05,8928.12,8968.06,226304652
2022-06-24,8959.55,9135.19,8895.66,9072.87,252675509
2022-06-27,9049.1,9145.08,8978.46,9044.87,215657411
2022-06-28,9028.0,9185.35,8968.93,9160.94,288058964
2022-06-29,9204.56,9232.95,9120.01,9124.06,252919853
2022-06-30,9142.36,9192.08,9092.41,9121.73,220501305
2022-07-01,9131.32,9176.99,8891.82,8928.18,573592313
2022-07-04,8934.07,9015.96,8870.99,8896.15,224918151
2022-07-05,8884.75,9081.95,8877.16,9050.83,201859840
2022-07-06,9061.3,9104.01,9003.06,9064.43,220571259
2022-07-07,9107.16,9184.9,9056.42,9116.0,235173227
2022-07-08,9148.55,9205.87,8995.6,9060.54,336075945
2022-07-11,9084.6,9147.85,8929.29,8997.93,231038137
2022-07-12,8999.52,9205.49,8957.6,9135.51,298453987
2022-07-13,9140.45,9257.75,9065.27,9084.3,275402327
2022-07-14,9121.73,9227.2,9092.34,9156.67,295600721
2022-07-15,9078.57,9217.68,9006.13,9149.69,228914385
2022-07-18,9190.36,9224.29,8991.43,9040.61,184630886
2022-07-19,9003.49,9059.44,8882.0,8989.15,223637254
2022-07-20,8995.46,9103.2,8936.3,9096.07,190290963
2022-07-21,9094.3,9124.3,8979.07,9058.1,340095378
2022-07-22,9039.44,9209.91,8950.73,9132.11,239685244
2022-07-25,9153.54,9154.32,8994.74,9100.72,328002803
2022-07-26,9131.44,9255.4,9055.59,9220.13,315644963
2022-07-27,9284.93,9359.4,9158.28,9198.91,331875044
2022-07-28,9236.54,9341.09,9180.37,9278.41,258057297
2022-07-29,9197.78,9560.32,9121.51,9447.27,307319959
2022-08-01,9467.73,9603.11,9435.23,9530.06,272267422
2022-08-02,9468.08,9568.62,9406.66,9509.14,241809668
2022-08-03,9505.43,9577.85,9499.05,9499.52,228185016
2022-08-04,9484.09,9533.19,9380.99,9428.46,220968479
2022-08-05,9408.96,9594.37,9353.83,9587.71,331220141
2022-08-08,9609.9,9649.35,9490.58,9518.39,195887066
2022-08-09,9639.07,9729.52,9420.65,9487.25,276686509
2022-08-10,9456.65,9481.28,9327.95,9351.73,296492892
2022-08-11,9382.34,9436.47,9360.07,9434.97,203498265
2022-08-12,9446.87,9572.85,9409.96,9514.16,203579049
2022-08-15,9553.45,9623.83,9482.22,9515.75,225724834
2022-08-16,9499.22,9500.13,9300.27,9342.82,207068312
2022-08-17,9377.77,9475.0,9346.07,9466.86,319693849
2022-08-18,9437.45,9483.83,9429.97,9453.65,191770846
2022-08-19,9419.71,9500.13,9287.08,9336.5,240277484
2022-08-22,9339.73,9397.08,9239.31,9278.82,202047110
2022-08-23,9302.41,9379.8,9279.08,9302.58,320497831
2022-08-24,9295.22,9297.22,9189.54,9220.98,194944178
2022-08-25,9224.59,9296.86,9194.69,9205.5,258915690
2022-08-26,9237.86,9307.5,9185.52,9192.4,279588511
2022-08-29,9158.88,9258.06,9119.28,9213.66,317550468
2022-08-30,9285.22,9343.96,9193.73,9255.53,196935231
2022-08-31,9266.46,9321.19,9265.47,9292.46,188603677
2022-09-01,9230.66,9387.71,9180.49,9328.18,313784656
2022-09-02,9327.07,9389.31,9254.65,9315.74,186593288
2022-09-05,9261.47,9324.41,9246.59,9265.46,210945207
2022-09-06,9251.68,9361.34,9195.27,9322.0,323025766
2022-09-07,9289.52,9555.83,9228.13,9517.98,625222045
2022-09-08,9489.91,9560.94,9447.86,9525.12,276173393
2022-09-09,9527.46,9653.22,9457.61,9596.83,332790551
2022-09-12,9572.9,9635.82,9339.88,9398.25,626468345
2022-09-13,9363.59,9415.37,9332.77,9394.07,342605853
2022-09-14,9425.98,9474.37,9365.27,9441.47,214821987
2022-09-15,9512.52,9691.51,9454.56,9633.38,497569329
2022-09-16,9573.37,9699.3,9528.01,9658.82,232420196
2022-09-19,9679.8,9752.93,9646.05,9724.69,345831333
2022-09-20,9741.73,9775.59,9538.56,9641.81,208037372
2022-09-21,9673.14,9805.34,9617.39,9800.15,206377024
2022-09-22,9799.79,9987.52,9730.63,9912.75,290245946
2022-09-23,9923.98,9986.06,9850.77,9968.64,192801377
2022-09-26,9918.85,10320.24,9835.0,10192.9,568521076
2022-09-27,10122.86,10213.81,9899.24,9989.05,301910087
2022-09-28,10051.21,10080.31,9942.76,9980.89,313161228
2022-09-29,9949.18,9958.8,9887.83,9943.68,245777629
2022-09-30,9946.8,9997.86,9856.32,9891.68,218870725
2022-10-03,9892.63,9950.5,9730.74,9789.76,184249173
2022-10-04,9814.27,9998.77,9769.77,9920.39,293860763
2022-10-05,9965.72,10064.21,9908.88,10004.34,306531705
2022-10-06,9933.78,10100.71,9841.24,10037.33,260793813
2022-10-07,10074.08,10148.42,10027.0,10047.98,341701586
2022-10-10,10056.39,10229.97,10020.89,10153.41,230047859
2022-10-11,10185.01,10273.35,10043.16,10101.59,325563122
2022-10-12,10161.34,10195.49,10023.04,10074.28,300251558
2022-10-13,10075.8,10105.95,10039.19,10049.98,294940479
2022-10-14,10029.95,10101.54,9957.93,9979.62,243492343
2022-10-17,9983.16,10011.73,9740.97,9771.49,792224030
2022-10-18,9779.93,9883.42,9715.39,9780.86,236053437
2022-10-19,9771.73,9867.65,9739.69,9797.83,192036258
2022-10-20,9828.29,9851.52,9688.18,9771.73,218332437
2022-10-21,9729.73,9787.43,9680.48,9723.36,228359679
2022-10-24,9729.98,9766.97,9652.49,9733.24,326089491
2022-10-25,9698.49,9741.81,9497.65,9589.75,277898115
2022-10-26,9586.41,9707.01,9513.88,9687.81,316457149
2022-10-27,9721.98,9837.68,9643.12,9806.53,308858182
2022-10-28,9852.36,9880.7,9691.23,9763.78,261966549
2022-10-31,9707.53,9935.7,9689.12,9866.64,225287222
2022-11-01,9905.43,10186.27,9842.08,10153.3,710010808
2022-11-02,10196.08,10385.81,10128.8,10311.04,186772210
2022-11-03,10266.6,10426.23,10161.17,10360.56,289018942
2022-11-04,10431.46,10447.87,10260.27,10327.71,210013472
2022-11-07,10361.04,10362.31,10179.25,10245.6,206605148
2022-11-08,10253.05,10477.71,10232.13,10399.1,212266740
2022-11-09,10382.95,10579.1,10314.95,10558.94,268225883
2022-11-10,10511.32,10526.53,10392.71,10461.42,284682732
2022-11-11,10455.87,10518.52,10329.81,10396.05,294928661
2022-11-14,10438.32,10465.71,10280.35,10385.57,186274817
2022-11-15,10426.6,10503.06,10414.8,10430.75,219878161
2022-11-16,10405.46,10472.71,10311.77,10376.95,217977656
2022-11-17,10335.94,10463.13,10296.04,10442.11,288211358
2022-11-18,10447.78,10580.66,10376.78,10512.14,315619182
2022-11-21,10490.17,10602.46,10477.78,10501.22,260022343
2022-11-22,10511.6,10787.19,10436.21,10696.09,326755061
2022-11-23,10670.51,10813.46,10580.7,10790.49,190803601
2022-11-24,10766.28,11012.2,10699.17,10947.31,303534071
2022-11-25,10925.55,11163.08,10909.49,11069.08,338022234
2022-11-28,11161.08,11217.78,11013.09,11085.45,316170267
2022-11-29,11137.07,11149.89,10954.13,11044.45,216289163
2022-11-30,11055.94,11150.67,10883.85,11016.93,251908197
2022-12-01,11075.71,11098.86,10975.46,11032.56,341024405
2022-12-02,11074.91,11095.13,10989.17,11011.58,328900869
2022-12-05,10995.44,11154.92,10990.56,11112.6,178687986
2022-12-06,11100.04,11340.78,11085.51,11257.44,339648448
2022-12-07,11183.48,11273.22,11084.82,11214.38,229121987
2022-12-08,11203.4,11383.52,11162.81,11320.31,326716763
2022-12-09,11285.29,11484.08,11246.64,11398.26,346148749
2022-12-12,11418.08,11486.22,11380.24,11414.8,211817635
2022-12-13,11350.16,11608.75,11344.76,11599.31,309179657
2022-12-14,11606.07,11707.31,11585.46,11595.26,339586698
2022-12-15,11603.9,11691.23,11501.26,11512.68,328433214
2022-12-16,11435.01,11653.2,11416.2,11608.32,236574860
2022-12-19,11557.4,11611.9,11461.2,11480.87,179786406
2022-12-20,11502.02,11646.9,11488.92,11630.97,198816139
2022-12-21,11669.22,11721.31,11464.55,11535.43,202618926
2022-12-22,11522.91,11607.29,11288.93,11295.11,746436150
2022-12-23,11263.63,11264.81,11052.38,11091.8,303655119
2022-12-26,11087.26,11315.18,11003.26,11207.97,209766150
2022-12-27,11183.57,11249.72,10962.62,11075.03,329759750
2022-12-28,11092.23,11225.68,10838.34,10934.94,284659787
2022-12-29,11033.51,11039.17,10821.02,10891.7,204532292
2022-12-30,10854.21,11122.92,10799.89,11047.25,239386026
2023-01-02,11068.12,11156.59,11019.58,11106.47,335998083
2023-01-03,11042.78,11112.11,10932.52,11026.11,208345228
2023-01-04,11075.91,11156.55,11029.41,11145.34,197784882
2023-01-05,11182.73,11291.7,11098.81,11271.28,293508013
2023-01-06,11231.03,11360.52,11157.54,11287.05,220814906
2023-01-09,11214.29,11374.88,11192.82,11368.16,255178719
2023-01-10,11392.43,11551.84,11358.5,11493.18,295199178
2023-01-11,11476.7,11650.0,11420.82,11645.18,191673898
2023-01-12,11684.26,11753.48,11521.21,11586.36,349429401
2023-01-13,11698.83,11842.44,11687.76,11817.84,182964577
2023-01-16,11816.33,11923.97,11690.56,11737.82,239907712
2023-01-17,11796.74,11899.32,11761.64,11849.14,263155676
2023-01-18,11937.18,11965.47,11747.59,11827.68,267824165
2023-01-19,11842.51,11982.3,11764.99,11908.91,327543922
2023-01-20,11949.08,11957.56,11853.82,11939.65,328463867
2023-01-23,11878.3,11938.9,11821.38,11918.75,331217566
2023-01-24,11857.12,12189.21,11795.24,12022.36,324280890
2023-01-25,11975.08,11986.06,11895.93,11979.89,215225595
2023-01-26,12016.16,12082.48,11965.27,12014.8,349160305
2023-01-27,11965.29,12033.17,11696.21,11750.47,574782040
2023-01-30,11698.09,11747.13,11636.41,11737.79,326703877
2023-01-31,11752.38,11860.02,11709.9,11786.0,204451625
2023-02-01,11783.94,11878.69,11693.65,11722.71,277120793
2023-02-02,11712.55,11885.25,11669.14,11859.28,188446205
2023-02-03,11788.45,11958.67,11734.3,11892.99,294229660
2023-02-06,11849.81,11881.02,11837.52,11866.57,321471011
2023-02-07,11882.63,11991.54,11868.93,11906.54,254459715
2023-02-08,11888.78,12209.27,11825.02,12053.41,289830232
2023-02-09,12040.43,12209.73,12038.63,12155.82,342545486
2023-02-10,12141.71,12252.0,12030.57,12106.82,231554898
2023-02-13,12113.16,12254.55,12063.0,12159.62,244800236
2023-02-14,12272.92,12364.27,12223.38,12292.23,324160520
2023-02-15,12365.25,12450.43,12242.55,12401.96,289461252
2023-02-16,12441.57,12506.43,12351.01,12505.84,229267728
2023-02-17,12481.48,12524.67,12480.07,12498.03,264714314
2023-02-20,12504.81,12519.34,12223.57,12292.03,249037351
2023-02-21,12202.36,12346.92,12166.64,12315.1,249552992
2023-02-22,12326.42,12459.24,12258.27,12422.99,295091393
2023-02-23,12471.07,12538.39,12441.8,12507.27,225873029
2023-02-24,12549.11,12589.91,12243.37,12307.84,197363205
2023-02-27,12253.7,12519.15,12195.79,12487.74,183352448
2023-02-28,12494.75,12624.58,12407.35,12531.08,191534763
2023-03-01,12476.03,12537.78,12381.29,12472.35,189309673
2023-03-02,12471.82,12521.61,12392.81,12435.04,206886423
2023-03-03,12447.96,12532.42,12375.33,12415.51,277761467
2023-03-06,12436.15,12476.95,12238.49,12279.6,344175934
2023-03-07,12256.73,12427.55,12138.67,12341.5,280709252
2023-03-08,12324.6,12449.24,12263.51,12391.22,195418695
2023-03-09,12440.97,12498.37,12432.91,12463.0,344015666
2023-03-10,12428.61,12440.47,12373.74,12379.81,238127537
2023-03-13,12344.88,12356.11,12120.66,12156.97,196890660
2023-03-14,12180.58,12289.41,12022.55,12226.72,325327105
2023-03-15,12244.64,12382.82,12206.49,12269.97,284560351
2023-03-16,12277.92,12315.83,12147.29,12195.43,257948090
2023-03-17,12224.56,12385.76,12129.83,12321.11,343676702
2023-03-20,12224.98,12545.58,12184.2,12470.01,274650330
2023-03-21,12478.12,12529.93,12333.99,12448.87,299791242
2023-03-22,12544.82,12597.84,12413.28,12471.55,272003291
2023-03-23,12456.94,12560.08,12332.28,12344.67,282011676
2023-03-24,12305.25,12373.02,12301.97,12372.78,267454041
2023-03-27,12334.73,12478.81,12200.27,12401.55,247999055
2023-03-28,12344.39,12574.09,12249.77,12504.26,297065027
2023-03-29,12545.14,12611.58,12408.84,12483.47,215618044
2023-03-30,12504.16,12734.79,12468.45,12590.62,322431748
2023-03-31,12575.88,12776.31,12528.45,12729.55,342965589
2023-04-03,12767.52,12923.89,12709.65,12909.54,314957135
2023-04-04,12949.84,12969.36,12679.23,12730.01,291734879
2023-04-05,12753.4,13005.57,12702.87,12922.21,247797263
2023-04-06,12966.15,13029.39,12838.8,12906.36,178172854
2023-04-07,12941.92,12994.8,12837.53,12954.88,331530057
2023-04-10,12973.3,13212.66,12957.14,13144.08,196120405
2023-04-11,13150.66,13321.04,13104.52,13224.68,183168362
2023-04-12,13254.7,13373.23,13152.44,13328.51,265192802
2023-04-13,13288.06,13496.35,13181.75,13484.33,254998736
2023-04-14,13498.56,13549.37,13333.13,13443.92,311877345
2023-04-17,13538.67,13598.81,13452.36,13555.62,285237070
2023-04-18,13637.74,13640.66,13497.73,13584.33,252265634
2023-04-19,13496.14,13744.86,13379.68,13678.94,233556316
2023-04-20,13747.85,13921.46,13718.68,13791.29,309580803
2023-04-21,13794.24,13995.52,13751.74,13850.67,189915925
2023-04-24,13786.05,14102.53,13755.87,13982.09,201531962
2023-04-25,13983.38,14157.14,13902.3,14130.84,247346648
2023-04-26,14078.11,14455.77,13960.34,14358.23,238310514
2023-04-27,14389.89,14465.32,14049.08,14197.08,340137497
2023-04-28,14239.62,14329.59,14127.53,14224.06,185756957
2023-05-01,14228.88,14237.97,14215.8,14229.43,185116720
2023-05-02,14168.5,14189.71,13997.53,14040.5,226751774
2023-05-03,13971.2,14077.35,13896.75,13932.81,304972062
2023-05-04,13938.72,14005.45,13854.48,13914.54,336078853
2023-05-05,13895.95,14098.87,13810.87,14072.19,312959776
2023-05-08,14021.93,14248.56,13894.09,14231.31,245788498
2023-05-09,14246.99,14351.44,14001.28,14109.0,301892269
2023-05-10,14107.17,14197.84,14001.78,14149.08,191243424
2023-05-11,14083.99,14213.55,14012.08,14159.24,179880964
2023-05-12,14181.14,14197.38,14028.98,14103.46,302139118
2023-05-15,14130.67,14395.75,14020.42,14325.82,284723168
2023-05-16,14314.89,14466.8,14255.95,14384.19,227143194
2023-05-17,14378.98,14403.59,14198.72,14347.9,348075013
2023-05-18,14236.41,14374.74,14201.61,14339.58,279221060
2023-05-19,14311.91,14411.39,14160.89,14246.81,292675915
2023-05-22,14231.48,14251.99,14004.85,14075.79,276914583
2023-05-23,14099.35,14234.36,13973.5,14199.55,319976585
2023-05-24,14217.26,14405.44,14108.26,14326.22,253078715
2023-05-25,14278.5,14388.02,14226.02,14253.3,244086933
2023-05-26,14247.54,14368.37,14162.64,14192.95,337931231
2023-05-29,14040.48,14349.53,13958.44,14270.61,197246696
2023-05-30,14263.35,14312.68,14180.24,14227.38,195660177
2023-05-31,14242.37,14358.74,13945.75,14013.6,239633110
2023-06-01,14086.19,14138.24,13695.23,13746.39,275058832
2023-06-02,13777.1,13873.69,13758.24,13798.71,228070514
2023-06-05,13701.4,14156.32,13595.66,14079.32,467027866
2023-06-06,14172.29,14238.99,14084.24,14223.05,260538889
2023-06-07,14260.92,14560.47,14157.66,14460.24,275285341
2023-06-08,14346.49,14419.95,14264.98,14385.23,301005861
2023-06-09,14308.47,14335.1,14243.71,14267.49,253737643
2023-06-12,14158.8,14381.37,14122.37,14282.92,291287904
2023-06-13,14247.85,14585.88,14218.34,14496.37,342663911
2023-06-14,14569.3,14636.54,14549.7,14609.07,298761509
2023-06-15,14515.33,14553.73,14372.42,14429.88,196661781
2023-06-16,14394.74,14456.01,14267.33,14297.5,184253017
2023-06-19,14263.99,14323.23,14191.14,14209.91,196049555
2023-06-20,14242.85,14330.85,14096.77,14270.02,217925171
2023-06-21,14237.17,14331.21,14235.59,14316.45,281199593
2023-06-22,14302.28,14492.91,14224.15,14413.25,251478048
2023-06-23,14314.94,14529.46,14256.57,14413.74,195062809
2023-06-26,14442.13,14609.25,14348.85,14521.19,190684998
2023-06-27,14500.44,14731.86,14397.92,14616.75,231925871
2023-06-28,14636.76,14863.91,14592.84,14787.36,247243992
2023-06-29,14761.55,14990.88,14676.53,14877.81,210447905
2023-06-30,14878.86,14893.94,14840.76,14840.88,242383518
2023-07-03,14856.62,14955.51,14826.77,14870.72,259730014
2023-07-04,14834.44,15012.17,14733.09,14919.64,343608070
2023-07-05,14899.29,14943.75,14873.63,14874.31,228307247
2023-07-06,14853.56,14937.95,14766.16,14820.55,344384514
2023-07-07,14700.06,14943.92,14615.17,14777.98,249156679
2023-07-10,14833.03,14880.83,14525.07,14647.43,320140062
2023-07-11,14609.17,14859.06,14433.33,14671.52,259382595
2023-07-12,14579.82,14720.64,14536.28,14695.81,285636214
2023-07-13,14635.38,14845.63,14491.55,14798.69,273539276
2023-07-14,14780.12,14996.82,14688.19,14879.89,272383839
2023-07-17,14868.24,15073.25,14856.36,14951.6,230703189
2023-07-18,14928.93,14965.84,14701.93,14770.5,254225664
2023-07-19,14774.81,15207.68,14726.99,15004.19,279914891
2023-07-20,15095.82,15228.87,15021.85,15146.19,258392566
2023-07-21,15219.93,15256.28,15155.56,15162.35,298077443
2023-07-24,15168.25,15347.41,15076.15,15327.75,188566545
2023-07-25,15441.39,15533.83,15123.26,15166.96,236774078
2023-07-26,15210.67,15213.55,14963.61,15021.06,309394022
2023-07-27,15018.5,15177.97,14990.6,15108.01,252801089
2023-07-28,15110.16,15287.58,15054.14,15202.6,237618678
2023-07-31,15273.4,15625.22,15220.11,15513.28,531990280
2023-08-01,15454.39,15815.05,15395.37,15734.63,298719401
2023-08-02,15745.2,16152.17,15644.11,16041.22,327235340
2023-08-03,15973.27,16029.48,15925.06,15938.22,273998733
2023-08-04,15904.31,15927.72,15793.59,15895.98,186383631
2023-08-07,15890.98,16088.35,15803.22,15946.59,311894224
2023-08-08,15980.9,16280.95,15825.95,16132.24,268264765
2023-08-09,16130.72,16285.73,16102.02,16142.96,287169100
2023-08-10,16162.7,16332.56,16033.29,16256.85,349143633
2023-08-11,16242.08,16395.84,16186.68,16222.71,307828800
2023-08-14,16257.19,16330.13,16184.73,16271.99,253550761
2023-08-15,16314.79,16519.38,16176.68,16436.15,179440089
2023-08-16,16421.82,16600.86,16356.42,16546.79,218747228
2023-08-17,16576.02,16712.84,16508.84,16592.98,258994123
2023-08-18,16624.71,16645.33,16516.97,16568.37,218821657
2023-08-21,16606.47,16711.87,16425.86,16499.41,233377979
2023-08-22,16542.71,16593.02,16448.77,16561.25,308717249
2023-08-23,16499.78,16535.9,16293.4,16390.3,180835143
2023-08-24,16341.05,16609.62,16235.21,16439.2,335845262
2023-08-25,16387.17,16589.24,16317.52,16491.82,293573780
2023-08-28,16440.45,16546.47,16374.37,16479.11,306593587
2023-08-29,16488.56,16695.77,16409.72,16546.26,242186004
2023-08-30,16584.41,16599.8,16503.64,16553.28,339077349
2023-08-31,16568.24,16597.43,16423.4,16490.59,192970689
2023-09-01,16470.2,16669.28,16379.21,16596.78,275312123
2023-09-04,16563.57,16617.23,16519.99,16532.61,252809254
2023-09-05,16537.69,16838.99,16414.23,16666.45,251273422
2023-09-06,16774.61,16837.24,16693.06,16737.56,310711741
2023-09-07,16772.13,17157.74,16713.96,17037.45,176414322
2023-09-08,16949.58,17222.64,16806.33,17176.86,321155612
2023-09-11,17222.27,17305.67,17124.32,17261.43,333987538
2023-09-12,17275.3,17417.24,17228.05,17376.85,346836569
2023-09-13,17326.36,17385.22,17170.58,17201.35,282818049
2023-09-14,17165.64,17265.76,17046.59,17047.9,182383626
2023-09-15,17049.02,17236.16,16957.01,17146.09,284186003
2023-09-18,17153.79,17445.38,17022.95,17274.8,304514242
2023-09-19,17287.01,17405.06,17124.38,17259.74,187902952
2023-09-20,17293.29,17384.47,17196.78,17274.56,277495118
2023-09-21,17276.58,17462.85,17155.58,17391.45,205475656
2023-09-22,17474.75,17506.97,17380.44,17432.03,206244750
2023-09-25,17564.96,17714.73,17467.68,17612.97,293554166
2023-09-26,17523.17,17768.77,17340.06,17616.57,228387666
2023-09-27,17624.5,18048.65,17602.92,17861.95,345992823
2023-09-28,18009.54,18095.83,17471.34,17573.2,200275643
2023-09-29,17684.39,17729.16,17449.06,17555.23,240494677
2023-10-02,17398.88,17713.99,17309.77,17710.88,282804901
2023-10-03,17743.63,17925.51,17643.06,17775.37,184320320
2023-10-04,17816.19,17831.11,17491.11,17662.34,330021000
2023-10-05,17669.72,17777.3,17352.49,17363.73,186352782
2023-10-06,17248.03,17507.29,17199.11,17424.89,262252860
2023-10-09,17365.0,17461.71,17275.09,17305.48,300238727
2023-10-10,17250.79,17576.95,17242.14,17488.16,277196958
2023-10-11,17536.11,17799.89,17416.77,17702.85,244282495
2023-10-12,17651.71,18203.23,17627.76,18006.93,240468787
2023-10-13,17970.17,18050.51,17725.57,17865.1,236525616
2023-10-16,17796.02,18021.99,17747.32,17962.53,256821423
2023-10-17,17853.39,18006.5,17785.57,17864.76,206424002
2023-10-18,17875.22,18182.37,17799.33,18014.88,322455593
2023-10-19,17911.7,18160.34,17793.62,18076.21,192221594
2023-10-20,18094.42,18189.59,17645.6,17745.15,232617226
2023-10-23,17702.7,18036.94,17630.83,17854.54,298487461
2023-10-24,18110.84,18197.22,17666.19,17756.28,334666942
2023-10-25,17816.11,17906.1,17394.51,17522.46,245666949
2023-10-26,17445.86,17570.55,17251.31,17304.95,264713220
2023-10-27,17307.7,17364.39,17130.88,17187.23,306098988
2023-10-30,17105.5,17370.54,16999.57,17274.19,301439311
2023-10-31,17155.34,17262.4,16984.51,17057.05,309772936
2023-11-01,17042.02,17223.32,17018.8,17170.93,240572529
2023-11-02,17139.11,17329.24,17046.07,17255.66,316820242
2023-11-03,17287.44,17333.06,17257.92,17275.39,245589525
2023-11-06,17290.76,17436.97,17208.9,17413.73,312437616
2023-11-07,17449.25,17544.09,17317.03,17470.97,285221878
2023-11-08,17394.68,17505.04,17209.04,17460.95,210735808
2023-11-09,17394.18,17520.53,17087.55,17182.8,274665127
2023-11-10,17043.67,17402.64,16936.97,17283.23,271758685
2023-11-13,17386.76,17489.48,17305.77,17359.18,187160931
2023-11-14,17414.39,17491.58,17308.71,17403.88,187246400
2023-11-15,17482.63,17769.28,17344.81,17658.37,246900716
2023-11-16,17677.24,18067.93,17647.3,17956.38,187033523
2023-11-17,18094.61,18154.32,17834.09,17948.86,250635118
2023-11-20,17928.44,18091.35,17916.81,18060.58,277811091
2023-11-21,17950.81,18038.92,17787.65,17875.99,199971097
2023-11-22,17942.42,18053.34,17822.02,17934.95,334302944
2023-11-23,17992.76,18040.97,17790.4,17801.89,225384562
2023-11-24,17859.53,17908.26,17670.44,17733.34,227053527
2023-11-27,17635.32,17660.53,17453.5,17559.38,332493808
2023-11-28,17551.21,17748.1,17433.95,17718.0,274507671
2023-11-29,17583.79,17891.98,17488.22,17723.78,222910848
2023-11-30,17682.94,18144.52,17519.88,18086.58,702843286
2023-12-01,18103.82,18255.64,17861.58,18020.19,349180366
2023-12-04,18050.33,18174.72,17954.97,18072.53,253913797
2023-12-05,18071.04,18225.17,17930.23,17999.76,296534999
2023-12-06,17999.65,18118.54,17911.95,18081.28,244418007
2023-12-07,18116.9,18207.91,17716.6,17847.18,306018304
2023-12-08,17820.47,17948.62,17769.25,17857.41,341253224
2023-12-11,17941.62,18108.01,17803.68,17911.12,178161572
2023-12-12,17959.39,18075.5,17885.56,17922.9,188577427
2023-12-13,17932.1,17992.83,17813.23,17983.77,212917675
2023-12-14,18089.11,18306.67,17980.33,18198.11,321387699
2023-12-15,18237.38,18544.32,18169.58,18525.38,243358218
2023-12-18,18516.66,18624.95,18108.08,18293.94,309244991
2023-12-19,18357.87,18481.37,18264.06,18412.46,248794477
2023-12-20,18479.09,18682.47,18356.64,18592.91,213599374
2023-12-21,18691.01,18950.01,18579.72,18923.72,204233269
2023-12-22,18892.54,19050.7,18831.85,18942.28,208170818
2023-12-25,18967.47,19415.4,18844.05,19249.61,212411497
2023-12-26,19220.1,19460.65,19164.73,19335.88,243107665
2023-12-27,19308.25,19643.15,19176.78,19539.9,239571493
2023-12-28,19589.95,19703.96,19366.24,19438.35,347042936
2023-12-29,19515.68,19927.8,19301.24,19784.96,205005344
2024-01-01,19888.54,19988.08,19697.42,19909.11,293632591
2024-01-02,20029.78,20113.94,19967.41,20025.47,329694230
2024-01-03,19960.67,20597.63,19913.64,20386.96,281493331
2024-01-04,20318.07,20610.36,20243.81,20538.47,277806995
2024-01-05,20598.09,20697.69,20569.75,20574.69,229048510
2024-01-08,20564.19,20564.87,20376.5,20463.06,240541634
2024-01-09,20449.51,20708.53,20341.8,20571.78,336596599
2024-01-10,20409.6,20777.08,20309.55,20760.21,223672127
2024-01-11,20673.19,20749.27,20606.93,20728.14,288408124
2024-01-12,20723.79,20912.35,20587.8,20795.11,217393572
2024-01-15,20619.46,20866.04,20539.48,20795.28,295286221
